event_title,question,volume,created_at,end_date,tipo_alerta
Champions League Winner,Will Aston Villa win the UEFA Champions League?,133113813.382904,2024-09-17 17:21:16.000000 UTC,2025-05-31 12:00:00.000000 UTC,ALTO_VOLUME_ENCERRADO
Champions League Winner,Will Inter Milan win the UEFA Champions League?,82978657.0443518,2024-09-17 17:27:16.000000 UTC,2025-05-31 12:00:00.000000 UTC,ALTO_VOLUME_ENCERRADO
Champions League Winner,Will Red Star Belgrade win the UEFA Champions League?,69281806.2784465,2024-09-17 17:35:44.000000 UTC,2025-05-31 12:00:00.000000 UTC,ALTO_VOLUME_ENCERRADO
Champions League Winner,Will Paris Saint-Germain win the UEFA Champions League?,51320576.4557441,2024-09-17 17:30:16.000000 UTC,2025-05-31 12:00:00.000000 UTC,ALTO_VOLUME_ENCERRADO
Champions League Winner,Will Bayer Leverkusen win the UEFA Champions League?,46780244.180184,2024-09-17 17:23:02.000000 UTC,2025-05-31 12:00:00.000000 UTC,ALTO_VOLUME_ENCERRADO
Champions League Winner,Will Stade Brestois win the UEFA Champions League?,41179694.4249909,2024-09-17 17:38:07.000000 UTC,2025-05-31 12:00:00.000000 UTC,ALTO_VOLUME_ENCERRADO
2025 National Heads-Up Poker Championship Winner,Will Rob Riggle win the 2025 National Heads-Up Poker Championship?,38337948.635363,2025-08-03 16:20:53.000000 UTC,2025-12-31 22:00:00.000000 UTC,ALTO_VOLUME_ENCERRADO
Champions League Winner,Will Bologna win the UEFA Champions League? ,36952708.8056862,2024-09-17 17:25:01.000000 UTC,2025-05-31 12:00:00.000000 UTC,ALTO_VOLUME_ENCERRADO
Champions League Winner,Will Benfica win the UEFA Champions League?,35397837.4947546,2024-09-17 17:24:01.000000 UTC,2025-05-31 12:00:00.000000 UTC,ALTO_VOLUME_ENCERRADO
Champions League Winner,Will Slovan Bratislava win the UEFA Champions League?,32130923.31674,2024-09-17 17:36:37.000000 UTC,2025-05-31 12:00:00.000000 UTC,ALTO_VOLUME_ENCERRADO
Champions League Winner,Will Monaco win the UEFA Champions League?,31076588.4007154,2024-09-17 17:29:50.000000 UTC,2025-05-31 12:00:00.000000 UTC,ALTO_VOLUME_ENCERRADO
Champions League Winner,Will Sturm Graz win the UEFA Champions League?,29584491.9710941,2024-09-17 17:38:33.000000 UTC,2025-05-31 12:00:00.000000 UTC,ALTO_VOLUME_ENCERRADO
Champions League Winner,Will Stuttgart win the UEFA Champions League?,29357939.5502645,2024-09-17 17:38:53.000000 UTC,2025-05-31 12:00:00.000000 UTC,ALTO_VOLUME_ENCERRADO
UEFA Champions League Winner ,Will Slavia Pragu win the 2025–26 Champions League?,28392439.058395,2025-07-21 20:58:59.000000 UTC,2026-05-31 00:00:00.000000 UTC,ALTO_VOLUME_ENCERRADO
Champions League Winner,Will Red Bull Salzburg win the UEFA Champions League?,27714016.7026868,2024-09-17 17:31:50.000000 UTC,2026-04-16 00:19:43.000000 UTC,ALTO_VOLUME_ENCERRADO
Champions League Winner,Will Atletico Madrid win the UEFA Champions League?,27136004.4218702,2024-09-17 17:22:09.000000 UTC,2025-05-31 12:00:00.000000 UTC,ALTO_VOLUME_ENCERRADO
2025 National Heads-Up Poker Championship Winner,Will David Williams win the 2025 National Heads-Up Poker Championship?,26661572.0032,2025-08-03 16:21:02.000000 UTC,2025-12-31 22:00:00.000000 UTC,ALTO_VOLUME_ENCERRADO
Champions League Winner,Will Girona win the UEFA Champions League?,26451524.6750097,2024-09-17 17:26:54.000000 UTC,2025-05-31 12:00:00.000000 UTC,ALTO_VOLUME_ENCERRADO
Champions League Winner,Will Shakhtar Donetsk win the UEFA Champions League?,25469002.1878365,2024-09-17 17:36:10.000000 UTC,2025-05-31 12:00:00.000000 UTC,ALTO_VOLUME_ENCERRADO
Champions League Winner,Will Dinamo Zagreb win the UEFA Champions League?,24315628.8213214,2024-09-17 17:26:20.000000 UTC,2025-05-31 12:00:00.000000 UTC,ALTO_VOLUME_ENCERRADO
Champions League Winner,Will Sporting CP win the UEFA Champions League?,22953896.156353,2024-09-17 17:37:31.000000 UTC,2025-05-31 12:00:00.000000 UTC,ALTO_VOLUME_ENCERRADO
Champions League Winner, Will Feyenoord win the UEFA Champions League?,22723022.6502971,2024-09-17 17:26:37.000000 UTC,2026-04-16 00:19:43.000000 UTC,ALTO_VOLUME_ENCERRADO
2025 National Heads-Up Poker Championship Winner,Will Chef Phillip win the 2025 National Heads-Up Poker Championship?,22533633.258365,2025-08-03 16:21:12.000000 UTC,2025-12-31 22:00:00.000000 UTC,ALTO_VOLUME_ENCERRADO
Champions League Winner,Will Young Boys win the UEFA Champions League?,22343123.836472,2024-09-17 17:39:13.000000 UTC,2025-05-31 12:00:00.000000 UTC,ALTO_VOLUME_ENCERRADO
UEFA Champions League Winner ,Will Olympiakos win the 2025–26 Champions League?,21360158.2305,2025-07-21 20:58:56.000000 UTC,2026-05-31 00:00:00.000000 UTC,ALTO_VOLUME_ENCERRADO
Champions League Winner,Will Club Brugge win the UEFA Champions League?,20699749.799626,2024-09-17 17:26:01.000000 UTC,2025-05-31 12:00:00.000000 UTC,ALTO_VOLUME_ENCERRADO
Champions League Winner,Will AC Milan win the UEFA Champions League?,20482954.41667,2024-09-17 17:20:17.000000 UTC,2025-05-31 12:00:00.000000 UTC,ALTO_VOLUME_ENCERRADO
Champions League Winner,Will Borussia Dortmund win the UEFA Champions League?,20166955.363376,2024-09-17 17:25:22.000000 UTC,2025-05-31 12:00:00.000000 UTC,ALTO_VOLUME_ENCERRADO
Champions League Winner,Will Lille win the UEFA Champions League?,19772120.9330179,2024-09-17 17:27:52.000000 UTC,2025-05-31 12:00:00.000000 UTC,ALTO_VOLUME_ENCERRADO
Champions League Winner,Will Celtic win the UEFA Champions League?,19306736.3224968,2024-09-17 17:25:43.000000 UTC,2025-05-31 12:00:00.000000 UTC,ALTO_VOLUME_ENCERRADO
Champions League Winner,Will Sparta Prague win the UEFA Champions League?,18106557.5313308,2024-09-17 17:37:09.000000 UTC,2025-05-31 12:00:00.000000 UTC,ALTO_VOLUME_ENCERRADO
Champions League Winner,Will Juventus win the UEFA Champions League?,16171963.9601959,2024-09-17 17:27:33.000000 UTC,2025-05-31 12:00:00.000000 UTC,ALTO_VOLUME_ENCERRADO
2025 National Heads-Up Poker Championship Winner,Will T.J. Lavin win the 2025 National Heads-Up Poker Championship?,15113495.368893,2025-08-03 16:20:52.000000 UTC,2025-12-31 22:00:00.000000 UTC,ALTO_VOLUME_ENCERRADO
2025 National Heads-Up Poker Championship Winner,Will Erick Lindgren win the 2025 National Heads-Up Poker Championship?,14836968.140613,2025-08-03 16:20:56.000000 UTC,2025-12-31 22:00:00.000000 UTC,ALTO_VOLUME_ENCERRADO
UEFA Champions League Winner ,Will Sporting win the 2025–26 Champions League?,14482170.27963803,2025-07-21 20:58:51.000000 UTC,2026-05-31 00:00:00.000000 UTC,ALTO_VOLUME_ENCERRADO
UEFA Champions League Winner ,Will Ajax win the 2025–26 Champions League?,13373490.72009,2025-07-21 20:58:54.000000 UTC,2026-05-31 00:00:00.000000 UTC,ALTO_VOLUME_ENCERRADO
Champions League Winner,Will PSV Eindhoven win the UEFA Champions League?,13261779.2282109,2024-09-17 17:30:40.000000 UTC,2025-05-31 12:00:00.000000 UTC,ALTO_VOLUME_ENCERRADO
2025 National Heads-Up Poker Championship Winner,Will Scott Seiver win the 2025 National Heads-Up Poker Championship?,13158088.244989,2025-08-03 16:21:11.000000 UTC,2025-12-31 22:00:00.000000 UTC,ALTO_VOLUME_ENCERRADO
UEFA Champions League Winner ,Will Union Saint-Gilloise win the 2025–26 Champions League?,12756397.600714,2025-07-21 20:58:55.000000 UTC,2026-05-31 00:00:00.000000 UTC,ALTO_VOLUME_ENCERRADO
UEFA Champions League Winner ,Will Benfica win the 2025–26 Champions League?,12346832.550767,2025-07-21 20:58:51.000000 UTC,2026-05-31 00:00:00.000000 UTC,ALTO_VOLUME_ENCERRADO
2025 National Heads-Up Poker Championship Winner,Will Frank Crivello win the 2025 National Heads-Up Poker Championship?,11898449.341827,2025-08-03 16:21:13.000000 UTC,2025-12-31 22:00:00.000000 UTC,ALTO_VOLUME_ENCERRADO
UEFA Champions League Winner ,Will Athletic Club win the 2025–26 Champions League?,11867413.991408,2025-07-21 20:58:48.000000 UTC,2026-05-31 00:00:00.000000 UTC,ALTO_VOLUME_ENCERRADO
2025 National Heads-Up Poker Championship Winner,Will Josh Arieh win the 2025 National Heads-Up Poker Championship?,10066191.394629,2025-08-03 16:21:00.000000 UTC,2025-12-31 22:00:00.000000 UTC,ALTO_VOLUME_ENCERRADO
UEFA Champions League Winner ,Will Monaco win the 2025–26 Champions League?,9616642.535204,2025-07-21 20:58:50.000000 UTC,2026-05-31 00:00:00.000000 UTC,ALTO_VOLUME_ENCERRADO
Champions League Winner,Will Liverpool win the UEFA Champions League?,8175076.65724502,2024-09-17 17:28:05.000000 UTC,2026-04-16 00:19:43.000000 UTC,ALTO_VOLUME_ENCERRADO
UEFA Champions League Winner ,Will Villarreal win the 2025–26 Champions League?,7892075.764682,2025-07-21 20:58:49.000000 UTC,2026-05-31 00:00:00.000000 UTC,ALTO_VOLUME_ENCERRADO
UEFA Champions League Winner ,Will Eintracht Frankfurt win the 2025–26 Champions League?,7817714.745721,2025-07-21 20:58:50.000000 UTC,2026-05-31 00:00:00.000000 UTC,ALTO_VOLUME_ENCERRADO
2025 National Heads-Up Poker Championship Winner,Will Chris Moneymaker win the 2025 National Heads-Up Poker Championship?,7508482.983987,2025-08-03 16:20:48.000000 UTC,2025-12-31 22:00:00.000000 UTC,ALTO_VOLUME_ENCERRADO
UEFA Champions League Winner ,Will Inter win the 2025–26 Champions League?,7286054.286861,2025-07-21 20:58:43.000000 UTC,2026-05-31 00:00:00.000000 UTC,ALTO_VOLUME_ENCERRADO
2025 National Heads-Up Poker Championship Winner,Will Jason Calacanis win the 2025 National Heads-Up Poker Championship?,6989151.075057,2025-08-03 16:20:58.000000 UTC,2025-12-31 22:00:00.000000 UTC,ALTO_VOLUME_ENCERRADO
Champions League Winner,Will Atalanta win the UEFA Champions League?,6978774.16140899,2024-09-17 17:21:35.000000 UTC,2025-05-31 12:00:00.000000 UTC,ALTO_VOLUME_ENCERRADO
UEFA Champions League Winner ,Will PSV win the 2025–26 Champions League?,6440901.470863,2025-07-21 20:58:52.000000 UTC,2026-05-31 00:00:00.000000 UTC,ALTO_VOLUME_ENCERRADO
2025 National Heads-Up Poker Championship Winner,Will Justin Young win the 2025 National Heads-Up Poker Championship?,6324028.273999,2025-08-03 16:21:25.000000 UTC,2025-12-31 22:00:00.000000 UTC,ALTO_VOLUME_ENCERRADO
2025 National Heads-Up Poker Championship Winner,Will Bryn Kenney win the 2025 National Heads-Up Poker Championship?,6288740.32813,2025-08-03 16:21:32.000000 UTC,2025-12-31 22:00:00.000000 UTC,ALTO_VOLUME_ENCERRADO
UEFA Champions League Winner ,Will Marseille win the 2025–26 Champions League?,5842226.092289,2025-07-21 20:58:49.000000 UTC,2026-05-31 00:00:00.000000 UTC,ALTO_VOLUME_ENCERRADO
UEFA Champions League Winner ,Will Liverpool win the 2025–26 Champions League?,5535579.6266940227,2025-07-21 20:58:39.000000 UTC,2026-05-31 00:00:00.000000 UTC,ALTO_VOLUME_ENCERRADO
UEFA Champions League Winner ,Will Juventus win the 2025–26 Champions League?,5357464.792264,2025-07-21 20:58:45.000000 UTC,2026-05-31 00:00:00.000000 UTC,ALTO_VOLUME_ENCERRADO
UEFA Champions League Winner ,Will Real Madrid win the 2025–26 Champions League?,5281071.13409185,2025-07-21 20:58:40.000000 UTC,2026-05-31 00:00:00.000000 UTC,ALTO_VOLUME_ENCERRADO
Champions League Winner,Will Barcelona win the UEFA Champions League?,4850446.481698,2024-09-17 17:22:30.000000 UTC,2026-04-16 00:19:43.000000 UTC,ALTO_VOLUME_ENCERRADO
UEFA Champions League Winner ,Will Barcelona win the 2025–26 Champions League?,4481226.4268519646,2025-07-21 20:58:39.000000 UTC,2026-05-31 00:00:00.000000 UTC,ALTO_VOLUME_ENCERRADO
2025 National Heads-Up Poker Championship Winner,Will Tyler Montoya win the 2025 National Heads-Up Poker Championship?,4275232.80396,2025-08-03 16:20:55.000000 UTC,2025-12-31 22:00:00.000000 UTC,ALTO_VOLUME_ENCERRADO
Champions League Winner,Will RB Leipzig win the UEFA Champions League?,4038510.905072,2024-09-17 17:30:59.000000 UTC,2025-05-31 12:00:00.000000 UTC,ALTO_VOLUME_ENCERRADO
2025 National Heads-Up Poker Championship Winner,Will Mike Matusow win the 2025 National Heads-Up Poker Championship?,3988545.637384,2025-08-03 16:20:58.000000 UTC,2025-12-31 22:00:00.000000 UTC,ALTO_VOLUME_ENCERRADO
Champions League Winner,Will Real Madrid win the UEFA Champions League?,3859902.662671,2024-09-17 17:31:19.000000 UTC,2025-05-31 12:00:00.000000 UTC,ALTO_VOLUME_ENCERRADO
World Chess Championship 2024 Winner,World Chess Championship 2024 Winner,3822451.912026,2024-10-28 17:26:59.000000 UTC,2024-12-13 12:00:00.000000 UTC,ALTO_VOLUME_ENCERRADO
UEFA Champions League Winner ,Will Dortmund win the 2025–26 Champions League?,3784244.309109,2025-07-21 20:58:47.000000 UTC,2026-05-31 00:00:00.000000 UTC,ALTO_VOLUME_ENCERRADO
2025 National Heads-Up Poker Championship Winner,Will Erik Seidel win the 2025 National Heads-Up Poker Championship?,3697234.874479,2025-08-03 16:20:49.000000 UTC,2025-12-31 22:00:00.000000 UTC,ALTO_VOLUME_ENCERRADO
2025 National Heads-Up Poker Championship Winner,Will 3 Coin win the 2025 National Heads-Up Poker Championship?,3550835.012236,2025-08-03 16:21:33.000000 UTC,2025-12-31 22:00:00.000000 UTC,ALTO_VOLUME_ENCERRADO
2025 National Heads-Up Poker Championship Winner,Will Rob 'Boston Rob' Mariano win the 2025 National Heads-Up Poker Championship?,3466853.187533,2025-08-03 16:20:54.000000 UTC,2025-12-31 22:00:00.000000 UTC,ALTO_VOLUME_ENCERRADO
2025 National Heads-Up Poker Championship Winner,Will Brian Rast win the 2025 National Heads-Up Poker Championship?,3306178.870932,2025-08-03 16:21:27.000000 UTC,2025-12-31 22:00:00.000000 UTC,ALTO_VOLUME_ENCERRADO
Champions League Winner,Will Bayern Munich win the UEFA Champions League?,2640292.787106,2024-09-17 17:23:30.000000 UTC,2025-05-31 12:00:00.000000 UTC,ALTO_VOLUME_ENCERRADO
Champions League Winner,Will Arsenal win the UEFA Champions League?,2584764.936238,2024-09-17 17:20:51.000000 UTC,2025-05-31 12:00:00.000000 UTC,ALTO_VOLUME_ENCERRADO
2025 National Heads-Up Poker Championship Winner,Will John Smith win the 2025 National Heads-Up Poker Championship?,2492191.6462,2025-08-03 16:21:09.000000 UTC,2025-12-31 22:00:00.000000 UTC,ALTO_VOLUME_ENCERRADO
Champions League Winner,Will Manchester City win the UEFA Champions League?,2318587.39690199,2024-09-16 22:17:10.000000 UTC,2025-05-31 12:00:00.000000 UTC,ALTO_VOLUME_ENCERRADO
2025 National Heads-Up Poker Championship Winner,Will Ryan Feldman win the 2025 National Heads-Up Poker Championship?,2151300.848856,2025-08-03 16:21:31.000000 UTC,2025-12-31 22:00:00.000000 UTC,ALTO_VOLUME_ENCERRADO
2025 National Heads-Up Poker Championship Winner,Will Michael Mizrachi win the 2025 National Heads-Up Poker Championship?,2146039.152948,2025-08-03 16:20:45.000000 UTC,2025-12-31 22:00:00.000000 UTC,ALTO_VOLUME_ENCERRADO
2025 National Heads-Up Poker Championship Winner,Will Phil Laak win the 2025 National Heads-Up Poker Championship?,2139081.002,2025-08-03 16:21:26.000000 UTC,2025-12-31 22:00:00.000000 UTC,ALTO_VOLUME_ENCERRADO
UEFA Champions League Winner ,Will Napoli win the 2025–26 Champions League?,2082121.876578,2025-07-21 20:58:45.000000 UTC,2026-05-31 00:00:00.000000 UTC,ALTO_VOLUME_ENCERRADO
2025 National Heads-Up Poker Championship Winner,Will Chino Rheem win the 2025 National Heads-Up Poker Championship?,2065992.978235,2025-08-03 16:21:31.000000 UTC,2025-12-31 22:00:00.000000 UTC,ALTO_VOLUME_ENCERRADO
2025 National Heads-Up Poker Championship Winner,Will Jason Koon win the 2025 National Heads-Up Poker Championship?,1966855.710617,2025-08-03 16:20:46.000000 UTC,2025-12-31 22:00:00.000000 UTC,ALTO_VOLUME_ENCERRADO
2025 National Heads-Up Poker Championship Winner,Will Keith Lehr win the 2025 National Heads-Up Poker Championship?,1649020.27437,2025-08-03 16:21:14.000000 UTC,2025-12-31 22:00:00.000000 UTC,ALTO_VOLUME_ENCERRADO
2025 National Heads-Up Poker Championship Winner,Will Victoria Livschitz win the 2025 National Heads-Up Poker Championship?,1522199.6632,2025-08-03 16:21:01.000000 UTC,2025-12-31 22:00:00.000000 UTC,ALTO_VOLUME_ENCERRADO
Dubai Duty Free Tennis Championships: Mirra Andreeva vs Amanda Anisimova,Dubai Duty Free Tennis Championships: Mirra Andreeva vs Amanda Anisimova,1492484.490956,2026-02-18 11:00:05.000000 UTC,2026-02-27 06:00:00.000000 UTC,ALTO_VOLUME_ENCERRADO
2025 National Heads-Up Poker Championship Winner,Will Kevin Pollak win the 2025 National Heads-Up Poker Championship?,1387710.267528,2025-08-03 16:21:06.000000 UTC,2025-12-31 22:00:00.000000 UTC,ALTO_VOLUME_ENCERRADO
2025 National Heads-Up Poker Championship Winner,Will Matt Berkey win the 2025 National Heads-Up Poker Championship?,1270148.333583,2025-08-03 16:21:19.000000 UTC,2025-12-31 22:00:00.000000 UTC,ALTO_VOLUME_ENCERRADO
2025 National Heads-Up Poker Championship Winner,Will Cary Katz win the 2025 National Heads-Up Poker Championship?,1269337.293012,2025-08-03 16:20:59.000000 UTC,2025-12-31 22:00:00.000000 UTC,ALTO_VOLUME_ENCERRADO
2025 National Heads-Up Poker Championship Winner,Will Justin Gavri win the 2025 National Heads-Up Poker Championship?,1219439.644633,2025-08-03 16:21:09.000000 UTC,2025-12-31 22:00:00.000000 UTC,ALTO_VOLUME_ENCERRADO
2025 National Heads-Up Poker Championship Winner,Will Nacho Barbero win the 2025 National Heads-Up Poker Championship?,1182429.808755,2025-08-03 16:21:24.000000 UTC,2025-12-31 22:00:00.000000 UTC,ALTO_VOLUME_ENCERRADO
Dubai Tennis Championships: Felix Auger-Aliassime vs Daniil Medvedev,Dubai Tennis Championships: Felix Auger-Aliassime vs Daniil Medvedev,1037174.463515,2026-02-26 17:00:15.000000 UTC,2026-03-06 13:00:00.000000 UTC,ALTO_VOLUME_ENCERRADO
Dubai Duty Free Tennis Championships: Elina Svitolina vs Jessica Pegula,Dubai Duty Free Tennis Championships: Elina Svitolina vs Jessica Pegula,1023099.986572,2026-02-20 23:00:07.000000 UTC,2026-02-28 15:00:00.000000 UTC,ALTO_VOLUME_ENCERRADO
"Dubai Duty Free Tennis Championships, Qualification: Tereza Valentova vs Kimberly Birrell",Set Handicap: Valentova (-1.5) vs Birrell (+1.5),1022223.585455,2026-02-12 18:00:18.000000 UTC,2026-02-20 10:00:00.000000 UTC,ALTO_VOLUME_ENCERRADO
Champions League Final: PSG vs. Inter Milan,Champions League Final: PSG vs. Inter Milan,996937.396697,2025-05-07 16:44:52.000000 UTC,2025-05-31 12:00:00.000000 UTC,ALTO_VOLUME_ENCERRADO
Dubai Tennis Championships: Daniil Medvedev vs Tallon Griekspoor,Dubai Tennis Championships: Daniil Medvedev vs Tallon Griekspoor,995385.126476,2026-02-27 17:00:17.000000 UTC,2026-03-07 10:00:00.000000 UTC,ALTO_VOLUME_ENCERRADO
Dubai Tennis Championships: Andrey Rublev vs Tallon Griekspoor,Dubai Tennis Championships: Andrey Rublev vs Tallon Griekspoor,983347.247341,2026-02-26 23:00:10.000000 UTC,2026-03-06 15:00:00.000000 UTC,ALTO_VOLUME_ENCERRADO
2025 National Heads-Up Poker Championship Winner,Will Sam Soverel win the 2025 National Heads-Up Poker Championship?,954090.956335,2025-08-03 16:21:29.000000 UTC,2025-12-31 22:00:00.000000 UTC,ALTO_VOLUME_ENCERRADO
2025 National Heads-Up Poker Championship Winner,Will Sean Winter win the 2025 National Heads-Up Poker Championship?,942165.156791,2025-08-03 16:21:30.000000 UTC,2025-12-31 22:00:00.000000 UTC,ALTO_VOLUME_ENCERRADO
US Men's Clay Court Championships: Roman Andres Burruchaga vs Tommy Paul,US Men's Clay Court Championships: Roman Andres Burruchaga vs Tommy Paul,879229.83866499749,2026-04-05 04:00:06.000000 UTC,2026-04-12 19:30:00.000000 UTC,ALTO_VOLUME_ENCERRADO
Dubai Duty Free Tennis Championships: Elina Svitolina vs Coco Gauff,Dubai Duty Free Tennis Championships: Elina Svitolina vs Coco Gauff,780994.251372,2026-02-19 23:00:07.000000 UTC,2026-02-27 15:00:00.000000 UTC,ALTO_VOLUME_ENCERRADO
Dubai Duty Free Tennis Championships: Coco Gauff vs Elise Mertens,Dubai Duty Free Tennis Championships: Coco Gauff vs Elise Mertens,767278.375397,2026-02-17 17:00:09.000000 UTC,2026-02-25 15:00:00.000000 UTC,ALTO_VOLUME_ENCERRADO
2025 National Heads-Up Poker Championship Winner,Will Kristen Foxen win the 2025 National Heads-Up Poker Championship?,752675.696838,2025-08-03 16:21:19.000000 UTC,2025-12-31 22:00:00.000000 UTC,ALTO_VOLUME_ENCERRADO
Hellenic Championship: Novak Djokovic vs Lorenzo Musetti,Hellenic Championship: Novak Djokovic vs Lorenzo Musetti,740458.709331,2025-11-07 23:00:01.000000 UTC,2025-11-15 15:00:00.000000 UTC,ALTO_VOLUME_ENCERRADO
US Men's Clay Court Championships: Ben Shelton vs Zhizhen Zhang,US Men's Clay Court Championships: Ben Shelton vs Zhizhen Zhang,705902.62040900008,2026-03-30 22:00:09.000000 UTC,2026-04-08 15:00:00.000000 UTC,ALTO_VOLUME_ENCERRADO
US Men's Clay Court Championships: Adolfo Vallejo vs Tommy Paul,US Men's Clay Court Championships: Adolfo Vallejo vs Tommy Paul,705133.96710699587,2026-03-30 22:00:09.000000 UTC,2026-04-08 15:00:00.000000 UTC,ALTO_VOLUME_ENCERRADO
Dubai Tennis Championships: Andrey Rublev vs Arthur Rinderknech,Dubai Tennis Championships: Andrey Rublev vs Arthur Rinderknech,649349.495576,2026-02-25 23:00:10.000000 UTC,2026-03-05 15:00:00.000000 UTC,ALTO_VOLUME_ENCERRADO
Big 10 Championship Game Winner,Will UCLA win the 2025 Big Ten Championship Game?,644837.728206,2025-07-03 18:06:19.000000 UTC,2025-12-08 00:00:00.000000 UTC,ALTO_VOLUME_ENCERRADO
US Men's Clay Court Championships: Ben Shelton vs Thiago Agustin Tirante,US Men's Clay Court Championships: Ben Shelton vs Thiago Agustin Tirante,642483.3779920009,2026-04-02 04:00:10.000000 UTC,2026-04-10 16:00:00.000000 UTC,ALTO_VOLUME_ENCERRADO
Champions League Quarterfinals: Which team will advance?,Champions LeagueQuarterfinals: Arsenal vs. Real Madrid,639933.013167,2025-03-13 19:05:59.000000 UTC,2025-03-16 12:00:00.000000 UTC,ALTO_VOLUME_ENCERRADO
2025 National Heads-Up Poker Championship Winner,Will Doug Polk win the 2025 National Heads-Up Poker Championship?,638179.961141,2025-08-03 16:20:49.000000 UTC,2025-12-31 22:00:00.000000 UTC,ALTO_VOLUME_ENCERRADO
Champions League Round of 16: Which team will advance?,Will Real Madrid or Atlético de Madrid advance in the UCL Round of 16?,631368.680851,2025-02-21 19:36:52.000000 UTC,2025-03-12 12:00:00.000000 UTC,ALTO_VOLUME_ENCERRADO
US Men's Clay Court Championships: Tommy Paul vs Frances Tiafoe,US Men's Clay Court Championships: Tommy Paul vs Frances Tiafoe,629503.40611799841,2026-04-04 04:00:04.000000 UTC,2026-04-11 17:30:33.000000 UTC,ALTO_VOLUME_ENCERRADO
US Men's Clay Court Championships: Learner Tien vs Nishesh Basavareddy,US Men's Clay Court Championships: Learner Tien vs Nishesh Basavareddy,628184.19350100041,2026-03-31 22:00:07.000000 UTC,2026-04-08 15:00:00.000000 UTC,ALTO_VOLUME_ENCERRADO
Hellenic Championship: Sebastian Korda vs Lorenzo Musetti,Hellenic Championship: Sebastian Korda vs Lorenzo Musetti,623399.290884,2025-11-06 17:00:01.000000 UTC,2025-11-14 09:00:00.000000 UTC,ALTO_VOLUME_ENCERRADO
Champions League Final: 3+ goals?,Champions League Final: 3+ goals?,587930.793954,2025-05-07 17:28:24.000000 UTC,2025-05-31 12:00:00.000000 UTC,ALTO_VOLUME_ENCERRADO
Dubai Duty Free Tennis Championships: Jessica Pegula vs Amanda Anisimova,Dubai Duty Free Tennis Championships: Jessica Pegula vs Amanda Anisimova,585599.910575,2026-02-19 17:00:07.000000 UTC,2026-02-27 06:00:00.000000 UTC,ALTO_VOLUME_ENCERRADO
Champions League: Inter Milan vs. Barcelona (To Advance),Champions League: Inter Milan vs. Barcelona (To Advance),566569.293834,2025-04-17 08:14:50.000000 UTC,2025-05-07 12:00:00.000000 UTC,ALTO_VOLUME_ENCERRADO
PDC World Darts Championship Winner,Will Luke Littler win the PDC World Darts Championship?,564927.468252,2025-11-24 16:25:41.000000 UTC,2026-01-03 00:00:00.000000 UTC,ALTO_VOLUME_ENCERRADO
2024 U.S. Chess Championship Winner,Will Sam Shankland win the 2024 US Chess Championship?,542861.294846,2024-10-14 20:12:07.000000 UTC,2024-10-24 12:00:00.000000 UTC,ALTO_VOLUME_ENCERRADO
Dubai Duty Free Tennis Championships: Coco Gauff vs Alexandra Eala,Dubai Duty Free Tennis Championships: Coco Gauff vs Alexandra Eala,514550.05582,2026-02-18 23:00:08.000000 UTC,2026-02-26 15:00:00.000000 UTC,ALTO_VOLUME_ENCERRADO
US Men's Clay Court Championships: Alex Michelsen vs Alexei Popyrin,US Men's Clay Court Championships: Alex Michelsen vs Alexei Popyrin,513772.997032998,2026-04-01 16:00:06.000000 UTC,2026-04-09 15:00:00.000000 UTC,ALTO_VOLUME_ENCERRADO
"US Men's Clay Court Championships, Qualification: Liam Draxl vs Alexis Galarneau","US Men's Clay Court Championships, Qualification: Liam Draxl vs Alexis Galarneau",513561.75856699992,2026-03-28 22:00:18.000000 UTC,2026-04-05 16:00:00.000000 UTC,ALTO_VOLUME_ENCERRADO
Dubai Duty Free Tennis Championships: Clara Tauson vs Jessica Pegula,Dubai Duty Free Tennis Championships: Clara Tauson vs Jessica Pegula,513153.844828,2026-02-18 11:00:08.000000 UTC,2026-02-27 06:00:00.000000 UTC,ALTO_VOLUME_ENCERRADO
2025 National Heads-Up Poker Championship Winner,Will Alan Keating win the 2025 National Heads-Up Poker Championship?,482982.055147,2025-08-03 16:20:54.000000 UTC,2025-12-31 22:00:00.000000 UTC,ALTO_VOLUME_ENCERRADO
US Men's Clay Court Championships: Roman Andres Burruchaga vs Brandon Nakashima,US Men's Clay Court Championships: Roman Andres Burruchaga vs Brandon Nakashima,480717.753242002,2026-04-01 22:00:03.000000 UTC,2026-04-09 15:00:00.000000 UTC,ALTO_VOLUME_ENCERRADO
2025 Open Championship Winner,Will Scottie Scheffler win The 2025 Open Championship?,466458.131898,2025-02-26 23:56:24.000000 UTC,2025-12-31 12:00:00.000000 UTC,ALTO_VOLUME_ENCERRADO
Dubai Tennis Championships: Andrey Rublev vs Ugo Humbert,Dubai Tennis Championships: Andrey Rublev vs Ugo Humbert,454590.110963,2026-02-24 23:00:13.000000 UTC,2026-03-04 15:00:00.000000 UTC,ALTO_VOLUME_ENCERRADO
Dubai Tennis Championships: Jakub Mensik vs Tallon Griekspoor,Dubai Tennis Championships: Jakub Mensik vs Tallon Griekspoor,451823.231414,2026-02-25 23:00:08.000000 UTC,2026-03-05 16:30:00.000000 UTC,ALTO_VOLUME_ENCERRADO
Dubai Tennis Championships: Felix Auger-Aliassime vs Jiri Lehecka,Dubai Tennis Championships: Felix Auger-Aliassime vs Jiri Lehecka,448005.398889,2026-02-25 17:00:19.000000 UTC,2026-03-05 12:00:00.000000 UTC,ALTO_VOLUME_ENCERRADO
Dubai Tennis Championships: Pablo Carreno Busta vs Jiri Lehecka,Dubai Tennis Championships: Pablo Carreno Busta vs Jiri Lehecka,446101.645447,2026-02-24 17:00:44.000000 UTC,2026-03-04 11:30:00.000000 UTC,ALTO_VOLUME_ENCERRADO
UEFA Champions League: Team to advance to semis,Will Bayern München reach the UEFA Champions League semifinal?,445465.1573460002,2026-03-09 18:03:43.000000 UTC,2026-05-07 00:00:00.000000 UTC,ALTO_VOLUME_ENCERRADO
US Men's Clay Court Championships: Alexei Popyrin vs Frances Tiafoe,US Men's Clay Court Championships: Alexei Popyrin vs Frances Tiafoe,441023.89751699881,2026-04-03 10:00:05.000000 UTC,2026-04-10 23:00:00.000000 UTC,ALTO_VOLUME_ENCERRADO
Dubai Duty Free Tennis Championships: Iva Jovic vs Diana Shnaider,Dubai Duty Free Tennis Championships: Iva Jovic vs Diana Shnaider,432379.643637,2026-02-16 11:00:10.000000 UTC,2026-02-24 06:00:00.000000 UTC,ALTO_VOLUME_ENCERRADO
Dubai Tennis Championships: Arthur Fils vs Jiri Lehecka,Dubai Tennis Championships: Arthur Fils vs Jiri Lehecka,429686.032526,2026-02-21 17:00:13.000000 UTC,2026-03-02 07:00:00.000000 UTC,ALTO_VOLUME_ENCERRADO
Dubai Tennis Championships: Jenson Brooksby vs Karen Khachanov,Dubai Tennis Championships: Jenson Brooksby vs Karen Khachanov,428392.436434,2026-02-24 17:00:21.000000 UTC,2026-03-04 10:00:00.000000 UTC,ALTO_VOLUME_ENCERRADO
Champions League Top Scorer,Will Michael Olise be the top Champions League scorer?,427341.212844,2025-02-24 18:49:07.000000 UTC,2025-05-31 12:00:00.000000 UTC,ALTO_VOLUME_ENCERRADO
Dubai Tennis Championships: Tallon Griekspoor vs Alexander Bublik,Dubai Tennis Championships: Tallon Griekspoor vs Alexander Bublik,425844.025472,2026-02-24 17:00:38.000000 UTC,2026-03-04 13:00:00.000000 UTC,ALTO_VOLUME_ENCERRADO
2025 National Heads-Up Poker Championship Winner,Will Jonathan Jaffe win the 2025 National Heads-Up Poker Championship?,406455.47157,2025-08-03 16:21:29.000000 UTC,2025-12-31 22:00:00.000000 UTC,ALTO_VOLUME_ENCERRADO
2025 National Heads-Up Poker Championship Winner,Will Liv Boeree win the 2025 National Heads-Up Poker Championship?,401986.81808,2025-08-03 16:20:46.000000 UTC,2025-12-31 22:00:00.000000 UTC,ALTO_VOLUME_ENCERRADO
2025 National Heads-Up Poker Championship Winner,Will Garrett Adelstein win the 2025 National Heads-Up Poker Championship?,400349.053605,2025-08-03 16:21:08.000000 UTC,2025-12-31 22:00:00.000000 UTC,ALTO_VOLUME_ENCERRADO
Dubai Tennis Championships: Felix Auger-Aliassime vs Zhizhen Zhang,Dubai Tennis Championships: Felix Auger-Aliassime vs Zhizhen Zhang,396234.459464,2026-02-21 17:00:08.000000 UTC,2026-03-02 07:00:00.000000 UTC,ALTO_VOLUME_ENCERRADO
2025 National Heads-Up Poker Championship Winner,Will Phil Galfond win the 2025 National Heads-Up Poker Championship?,391019.596814,2025-08-03 16:20:50.000000 UTC,2025-12-31 22:00:00.000000 UTC,ALTO_VOLUME_ENCERRADO
Dubai Duty Free Tennis Championships: Elena Rybakina vs Antonia Ruzic,Dubai Duty Free Tennis Championships: Elena Rybakina vs Antonia Ruzic,390348.102574,2026-02-17 17:00:18.000000 UTC,2026-02-25 10:00:00.000000 UTC,ALTO_VOLUME_ENCERRADO
Dubai Tennis Championships: Alexei Popyrin vs Kamil Majchrzak,Dubai Tennis Championships: Alexei Popyrin vs Kamil Majchrzak,389053.099608,2026-02-21 17:00:21.000000 UTC,2026-03-02 07:00:00.000000 UTC,ALTO_VOLUME_ENCERRADO
Dubai Tennis Championships: Alexander Shevchenko vs Karen Khachanov,Dubai Tennis Championships: Alexander Shevchenko vs Karen Khachanov,383120.925037,2026-02-22 17:00:15.000000 UTC,2026-03-03 07:00:00.000000 UTC,ALTO_VOLUME_ENCERRADO
Dubai Duty Free Tennis Championships: Antonia Ruzic vs Elina Svitolina,Dubai Duty Free Tennis Championships: Antonia Ruzic vs Elina Svitolina,379481.111495,2026-02-18 17:00:08.000000 UTC,2026-02-26 16:30:00.000000 UTC,ALTO_VOLUME_ENCERRADO
Champions League: Arsenal vs. PSG (To Advance),Champions League: Arsenal vs. PSG (To Advance),374284.848313,2025-04-17 08:21:06.000000 UTC,2025-05-08 12:00:00.000000 UTC,ALTO_VOLUME_ENCERRADO
ACC Championship Game Winner,Will Wake Forest win the 2025 ACC Conference Championship Game?,371726.780306,2025-07-03 17:25:35.000000 UTC,2025-12-07 00:00:00.000000 UTC,ALTO_VOLUME_ENCERRADO
Dubai Tennis Championships: Arthur Rinderknech vs Jack Draper,Dubai Tennis Championships: Arthur Rinderknech vs Jack Draper,370410.405235,2026-02-24 17:00:19.000000 UTC,2026-03-04 16:30:00.000000 UTC,ALTO_VOLUME_ENCERRADO
2025 National Heads-Up Poker Championship Winner,Will Dan 'Jungleman' Cates win the 2025 National Heads-Up Poker Championship?,368778.040112,2025-08-03 16:21:03.000000 UTC,2025-12-31 22:00:00.000000 UTC,ALTO_VOLUME_ENCERRADO
US Men's Clay Court Championships: Jack Pinnington Jones vs Zhizhen Zhang,US Men's Clay Court Championships: Jack Pinnington Jones vs Zhizhen Zhang,364842.516795,2026-03-29 22:00:03.000000 UTC,2026-04-06 20:30:00.000000 UTC,ALTO_VOLUME_ENCERRADO
PGA TOUR FedEx St. Jude Championship – Winner ,Will Scottie Scheffler win the 2025 FedEx St. Jude Championship?,364778.277204,2025-08-03 22:05:16.000000 UTC,2025-08-11 00:00:00.000000 UTC,ALTO_VOLUME_ENCERRADO
UEFA Champions League: Team to advance to semis,Will Paris Saint-Germain (PSG) reach the UEFA Champions League semifinal?,363850.2735199997,2026-03-09 18:03:48.000000 UTC,2026-05-07 00:00:00.000000 UTC,ALTO_VOLUME_ENCERRADO
Dubai Duty Free Tennis Championships: Alexandra Eala vs Jasmine Paolini,Dubai Duty Free Tennis Championships: Alexandra Eala vs Jasmine Paolini,349183.161736,2026-02-15 17:00:25.000000 UTC,2026-02-24 06:00:00.000000 UTC,ALTO_VOLUME_ENCERRADO
Which teams will reach the Round of 16 of the UEFA Champions League?,Will Paris Saint-Germain advance to the Round of 16 in the 2024-25 UEFA Champions League?,349076.33443,2025-01-28 00:30:28.000000 UTC,2025-02-19 12:00:00.000000 UTC,ALTO_VOLUME_ENCERRADO
2025 National Heads-Up Poker Championship Winner,Will Stephen Chidwick win the 2025 National Heads-Up Poker Championship?,345314.800057,2025-08-03 16:21:10.000000 UTC,2025-12-31 22:00:00.000000 UTC,ALTO_VOLUME_ENCERRADO
UEFA Champions League Winner ,Will Nice win the 2025–26 Champions League?,344379.00715,2025-07-21 20:58:53.000000 UTC,2026-05-31 00:00:00.000000 UTC,ALTO_VOLUME_ENCERRADO
US Men's Clay Court Championships: Rinky Hijikata vs Frances Tiafoe,US Men's Clay Court Championships: Rinky Hijikata vs Frances Tiafoe,342516.02009899984,2026-04-01 16:00:05.000000 UTC,2026-04-09 15:00:00.000000 UTC,ALTO_VOLUME_ENCERRADO
PDC World Darts Championship Winner,Will Gian van Veen win the PDC World Darts Championship?,340594.055468,2025-11-24 16:25:45.000000 UTC,2026-01-03 00:00:00.000000 UTC,ALTO_VOLUME_ENCERRADO
UEFA Champions League: Team to reach quarter-finals,Will Real Madrid reach the UEFA Champions League quarter-finals?,339439.945852,2026-03-10 17:07:21.000000 UTC,2026-04-16 00:00:00.000000 UTC,ALTO_VOLUME_ENCERRADO
Dubai Tennis Championships: Felix Auger-Aliassime vs Giovanni Mpetshi Perricard,Dubai Tennis Championships: Felix Auger-Aliassime vs Giovanni Mpetshi Perricard,338650.582019,2026-02-23 23:00:18.000000 UTC,2026-03-04 07:00:00.000000 UTC,ALTO_VOLUME_ENCERRADO
Dubai Duty Free Tennis Championships: Sorana Cirstea vs Alexandra Eala,Dubai Duty Free Tennis Championships: Sorana Cirstea vs Alexandra Eala,338097.30674,2026-02-17 23:00:05.000000 UTC,2026-02-25 16:30:00.000000 UTC,ALTO_VOLUME_ENCERRADO
2025 National Heads-Up Poker Championship Winner,Will Shaun Deeb win the 2025 National Heads-Up Poker Championship?,335507.515986,2025-08-03 16:20:51.000000 UTC,2025-12-31 22:00:00.000000 UTC,ALTO_VOLUME_ENCERRADO
UEFA Champions League Winner ,Will Feyenoord win the 2025–26 Champions League?,331062.991655,2025-07-21 20:58:54.000000 UTC,2026-05-31 00:00:00.000000 UTC,ALTO_VOLUME_ENCERRADO
Dubai Tennis Championships: Otto Virtanen vs Tallon Griekspoor,Dubai Tennis Championships: Otto Virtanen vs Tallon Griekspoor,329280.354747,2026-02-22 17:00:17.000000 UTC,2026-03-03 07:00:00.000000 UTC,ALTO_VOLUME_ENCERRADO
PGA TOUR BMW Championship Winner ,Will Robert MacIntyre win the 2025 BMW Championship?,329084.178253,2025-08-10 23:15:37.000000 UTC,2025-08-18 00:00:00.000000 UTC,ALTO_VOLUME_ENCERRADO
Champions League Top Scorer,Will Lautaro Martinez be the top Champions League scorer?,328679.456817,2025-02-24 18:49:05.000000 UTC,2025-05-31 12:00:00.000000 UTC,ALTO_VOLUME_ENCERRADO
"Dubai Tennis Championships, Qualification: Pablo Carreno Busta vs Luca Nardi","Dubai Tennis Championships, Qualification: Pablo Carreno Busta vs Luca Nardi",326630.722999,2026-02-21 11:00:13.000000 UTC,2026-03-01 07:00:00.000000 UTC,ALTO_VOLUME_ENCERRADO
Counter-Strike: BESTIA vs B8 (BO3) - Parken Challenger Championship Playoffs,Counter-Strike: BESTIA vs B8 (BO3) - Parken Challenger Championship Playoffs,325494.79689599993,2026-04-02 16:50:03.000000 UTC,2026-04-02 23:00:00.000000 UTC,ALTO_VOLUME_ENCERRADO
World Test Championship: India vs South Africa (Game 2),Will South Africa win?,325304.775554,2025-11-15 05:00:03.000000 UTC,2025-11-29 03:30:00.000000 UTC,ALTO_VOLUME_ENCERRADO
2025 National Heads-Up Poker Championship Winner,Will Esther Taylor win the 2025 National Heads-Up Poker Championship?,320587.058,2025-08-03 16:21:22.000000 UTC,2025-12-31 22:00:00.000000 UTC,ALTO_VOLUME_ENCERRADO
Dubai Duty Free Tennis Championships: Leylah Fernandez vs Janice Tjen,Dubai Duty Free Tennis Championships: Leylah Fernandez vs Janice Tjen,317727.326906,2026-02-15 17:00:08.000000 UTC,2026-02-23 10:00:00.000000 UTC,ALTO_VOLUME_ENCERRADO
NFL Conference Championships,NFL: Will the Rams beat the 49ers by more than 3.5 points in their January 30 matchup?,317653.157001,2022-01-29 18:41:27.000000 UTC,2022-02-06 00:00:00.000000 UTC,ALTO_VOLUME_ENCERRADO
Hellenic Championship: Mackenzie McDonald vs Tomas Etcheverry,Hellenic Championship: Mackenzie McDonald vs Tomas Etcheverry,315874.794812,2025-11-02 23:00:04.000000 UTC,2025-11-11 08:00:00.000000 UTC,ALTO_VOLUME_ENCERRADO
"US Men's Clay Court Championships, Qualification: Federico Agustin Gomez vs Clement Tabur","US Men's Clay Court Championships, Qualification: Federico Agustin Gomez vs Clement Tabur",314397.42361200042,2026-03-28 22:00:17.000000 UTC,2026-04-05 16:00:00.000000 UTC,ALTO_VOLUME_ENCERRADO
2025 National Heads-Up Poker Championship Winner,Will Igor Kurganov win the 2025 National Heads-Up Poker Championship?,313593.182805,2025-08-03 16:21:05.000000 UTC,2025-12-31 22:00:00.000000 UTC,ALTO_VOLUME_ENCERRADO
2025 National Heads-Up Poker Championship Winner,Will Andrew Robl win the 2025 National Heads-Up Poker Championship?,312981.219862,2025-08-03 16:20:57.000000 UTC,2025-12-31 22:00:00.000000 UTC,ALTO_VOLUME_ENCERRADO
UEFA Champions League: Top Scorer,Will Mohamed Salah be the 2025/2026 top UCL goal scorer?,312724.20011700009,2025-09-17 18:44:31.000000 UTC,2026-05-30 00:00:00.000000 UTC,ALTO_VOLUME_ENCERRADO
2025 National Heads-Up Poker Championship Winner,Will Dylan Flashner win the 2025 National Heads-Up Poker Championship?,297426.202163,2025-08-03 16:21:21.000000 UTC,2025-12-31 22:00:00.000000 UTC,ALTO_VOLUME_ENCERRADO
World Test Championship: Australia vs England (Game 1),Will Australia win?,294696.386586,2025-11-14 05:00:02.000000 UTC,2025-11-28 02:30:00.000000 UTC,ALTO_VOLUME_ENCERRADO
Hellenic Championship: Stan Wawrinka vs Lorenzo Musetti,Hellenic Championship: Stan Wawrinka vs Lorenzo Musetti,291322.768939,2025-11-03 23:00:02.000000 UTC,2025-11-12 08:00:00.000000 UTC,ALTO_VOLUME_ENCERRADO
2025 National Heads-Up Poker Championship Winner,Will Richard Seymour win the 2025 National Heads-Up Poker Championship?,288733.007334,2025-08-03 16:20:47.000000 UTC,2025-12-31 22:00:00.000000 UTC,ALTO_VOLUME_ENCERRADO
Counter-Strike: BESTIA vs 3DMAX (BO3) - Parken Challenger Championship Playoffs,Counter-Strike: BESTIA vs 3DMAX (BO3) - Parken Challenger Championship Playoffs,284476.81761599943,2026-04-01 19:40:03.000000 UTC,2026-04-02 17:00:00.000000 UTC,ALTO_VOLUME_ENCERRADO
"US Men's Clay Court Championships, Qualification: Alex Bolt vs Andres Andrade","US Men's Clay Court Championships, Qualification: Alex Bolt vs Andres Andrade",284042.00404499983,2026-03-29 04:00:03.000000 UTC,2026-04-05 17:30:00.000000 UTC,ALTO_VOLUME_ENCERRADO
Which EPL team will qualify for the 2025-26 Champions League?,Will Tottenham Hotspur qualify for the 2025–26 UEFA Champions League?,281138.330376,2025-05-06 23:41:05.000000 UTC,2025-05-25 12:00:00.000000 UTC,ALTO_VOLUME_ENCERRADO
"US Men's Clay Court Championships, Qualification: Jack Pinnington Jones vs Darwin Blanch","US Men's Clay Court Championships, Qualification: Jack Pinnington Jones vs Darwin Blanch",281009.27154100017,2026-03-28 22:00:03.000000 UTC,2026-04-05 16:00:00.000000 UTC,ALTO_VOLUME_ENCERRADO
Speed Chess Championship Winner 2024,Will Magnus Carlsen win the Speed Chess Championship?,277816.95441,2024-08-09 17:23:31.000000 UTC,2024-09-08 12:00:00.000000 UTC,ALTO_VOLUME_ENCERRADO
2025 FIDE World Blitz Championship Winner,Will Magnus Carlsen win the 2025 FIDE World Blitz Open Championship?,277453.272807,2025-12-06 01:05:49.000000 UTC,2025-12-30 00:00:00.000000 UTC,ALTO_VOLUME_ENCERRADO
2025 National Heads-Up Poker Championship Winner,Will Hanks win the 2025 National Heads-Up Poker Championship?,273987.120023,2025-08-03 16:21:23.000000 UTC,2025-12-31 22:00:00.000000 UTC,ALTO_VOLUME_ENCERRADO
Champions League Round of 16: Which team will advance?,Will PSV Eindhoven or Arsenal advance in the UCL Round of 16?,271063.681899,2025-02-21 19:37:52.000000 UTC,2025-03-12 12:00:00.000000 UTC,ALTO_VOLUME_ENCERRADO
2025 National Heads-Up Poker Championship Winner,Will Ren Lin win the 2025 National Heads-Up Poker Championship?,270812.505496,2025-08-03 16:21:27.000000 UTC,2025-12-31 22:00:00.000000 UTC,ALTO_VOLUME_ENCERRADO
Champions League Top Scorer,Will Rodrygo be the top Champions League scorer?,261983.763138,2025-02-24 18:49:10.000000 UTC,2025-05-31 12:00:00.000000 UTC,ALTO_VOLUME_ENCERRADO
PGA TOUR BMW Championship Winner ,Will Cameron Young win the 2025 BMW Championship?,261356.707732,2025-08-10 23:15:30.000000 UTC,2025-08-18 00:00:00.000000 UTC,ALTO_VOLUME_ENCERRADO
Dubai Tennis Championships: Ugo Humbert vs Stefanos Tsitsipas,Dubai Tennis Championships: Ugo Humbert vs Stefanos Tsitsipas,260006.964364,2026-02-21 17:00:18.000000 UTC,2026-03-02 07:00:00.000000 UTC,ALTO_VOLUME_ENCERRADO
Dubai Tennis Championships: Pablo Carreno Busta vs Denis Shapovalov,Dubai Tennis Championships: Pablo Carreno Busta vs Denis Shapovalov,257056.960731,2026-02-22 17:00:12.000000 UTC,2026-03-03 07:00:00.000000 UTC,ALTO_VOLUME_ENCERRADO
Dubai Tennis Championships: Moez Echargui vs Giovanni Mpetshi Perricard,Dubai Tennis Championships: Moez Echargui vs Giovanni Mpetshi Perricard,256111.405196,2026-02-22 17:00:08.000000 UTC,2026-03-02 10:00:00.000000 UTC,ALTO_VOLUME_ENCERRADO
2025 National Heads-Up Poker Championship Winner,Will Charlie Hook win the 2025 National Heads-Up Poker Championship?,254423.57944,2025-08-03 16:21:04.000000 UTC,2025-12-31 22:00:00.000000 UTC,ALTO_VOLUME_ENCERRADO
Dubai Tennis Championships: Stan Wawrinka vs Benjamin Hassan,Dubai Tennis Championships: Stan Wawrinka vs Benjamin Hassan,254226.610758,2026-02-21 17:00:15.000000 UTC,2026-03-02 07:00:00.000000 UTC,ALTO_VOLUME_ENCERRADO
2025 National Heads-Up Poker Championship Winner,Will Marius Gierse win the 2025 National Heads-Up Poker Championship?,254123.720746,2025-08-03 16:21:20.000000 UTC,2025-12-31 22:00:00.000000 UTC,ALTO_VOLUME_ENCERRADO
2025 National Heads-Up Poker Championship Winner,Will Bryce Hall win the 2025 National Heads-Up Poker Championship?,253203.5102,2025-08-03 16:20:47.000000 UTC,2025-12-31 22:00:00.000000 UTC,ALTO_VOLUME_ENCERRADO
World Test Championship: Australia vs England (Game 3),Will Australia win?,253171.620594,2025-12-12 15:33:48.000000 UTC,2025-12-23 23:30:00.000000 UTC,ALTO_VOLUME_ENCERRADO
Dubai Tennis Championships: Quentin Halys vs Jack Draper,Dubai Tennis Championships: Quentin Halys vs Jack Draper,248873.371838,2026-02-22 17:00:10.000000 UTC,2026-03-02 16:30:00.000000 UTC,ALTO_VOLUME_ENCERRADO
Dubai Duty Free Tennis Championships: Varvara Gracheva vs Rebecca Sramkova,Dubai Duty Free Tennis Championships: Varvara Gracheva vs Rebecca Sramkova,247136.195651,2026-02-14 17:00:25.000000 UTC,2026-02-22 06:00:00.000000 UTC,ALTO_VOLUME_ENCERRADO
Dubai Duty Free Tennis Championships: Antonia Ruzic vs Emma Raducanu,Dubai Duty Free Tennis Championships: Antonia Ruzic vs Emma Raducanu,245956.225975,2026-02-16 11:00:06.000000 UTC,2026-02-23 13:00:00.000000 UTC,ALTO_VOLUME_ENCERRADO
World Test Championship: India vs South Africa (Game 1),Will India win?,245553.6783,2025-11-07 05:00:02.000000 UTC,2025-11-21 04:00:00.000000 UTC,ALTO_VOLUME_ENCERRADO
US Men's Clay Court Championships: Alex Bolt vs Yibing Wu,US Men's Clay Court Championships: Alex Bolt vs Yibing Wu,238607.05427100009,2026-03-29 22:00:04.000000 UTC,2026-04-06 22:00:00.000000 UTC,ALTO_VOLUME_ENCERRADO
US Men's Clay Court Championships: Learner Tien vs Roman Andres Burruchaga,US Men's Clay Court Championships: Learner Tien vs Roman Andres Burruchaga,237496.67920599971,2026-04-03 04:00:05.000000 UTC,2026-04-10 17:00:00.000000 UTC,ALTO_VOLUME_ENCERRADO
2025 National Heads-Up Poker Championship Winner,Will Jesse Lonis win the 2025 National Heads-Up Poker Championship?,235404.781243,2025-08-03 16:21:18.000000 UTC,2025-12-31 22:00:00.000000 UTC,ALTO_VOLUME_ENCERRADO
2025 National Heads-Up Poker Championship Winner,Will Xuan Liu win the 2025 National Heads-Up Poker Championship?,233446.158242,2025-08-03 16:21:05.000000 UTC,2025-12-31 22:00:00.000000 UTC,ALTO_VOLUME_ENCERRADO
Champions League: League Phase Winner,Will Qarabağ finish first in UCL league phase?,232453.579368,2025-09-17 20:22:07.000000 UTC,2025-12-31 00:00:00.000000 UTC,ALTO_VOLUME_ENCERRADO
Dubai Tennis Championships: Jakub Mensik vs Hubert Hurkacz,Dubai Tennis Championships: Jakub Mensik vs Hubert Hurkacz,232037.212035,2026-02-21 17:00:20.000000 UTC,2026-03-02 07:00:00.000000 UTC,ALTO_VOLUME_ENCERRADO
US Men's Clay Court Championships: Nishesh Basavareddy vs Liam Draxl,US Men's Clay Court Championships: Nishesh Basavareddy vs Liam Draxl,230837.01729200047,2026-03-29 22:00:07.000000 UTC,2026-04-07 15:00:00.000000 UTC,ALTO_VOLUME_ENCERRADO
Dubai Tennis Championships: Zizou Bergs vs Jenson Brooksby,Dubai Tennis Championships: Zizou Bergs vs Jenson Brooksby,228776.107888,2026-02-21 17:00:16.000000 UTC,2026-03-02 07:00:00.000000 UTC,ALTO_VOLUME_ENCERRADO
F1 Constructor's Championship: 2nd Place,Will Ferrari finish second in the 2025 Constructors' Championship?,227837.85728,2025-04-22 21:15:29.000000 UTC,2025-12-07 12:00:00.000000 UTC,ALTO_VOLUME_ENCERRADO
Dubai Duty Free Tennis Championships: Jelena Ostapenko vs Anna Kalinskaya,Dubai Duty Free Tennis Championships: Jelena Ostapenko vs Anna Kalinskaya,227792.76032,2026-02-14 17:00:08.000000 UTC,2026-02-22 06:00:00.000000 UTC,ALTO_VOLUME_ENCERRADO
Champions League Final: Goal Scorers,Will Ousmane Dembélé score a goal in the 2025 Champions League Final?,227105.331361,2025-05-21 06:30:03.000000 UTC,2025-05-31 12:00:00.000000 UTC,ALTO_VOLUME_ENCERRADO
Speed Chess Championship 2025–2026 Winner,Will Alireza Firouzja win the 2025–2026 Speed Chess Championship?,227044.995179,2025-10-29 21:40:38.000000 UTC,2026-02-09 00:00:00.000000 UTC,ALTO_VOLUME_ENCERRADO
Counter-Strike: B8 vs 3DMAX (BO3) - Parken Challenger Championship Playoffs,Counter-Strike: B8 vs 3DMAX (BO3) - Parken Challenger Championship Playoffs,224943.53140300009,2026-04-02 13:50:03.000000 UTC,2026-04-02 20:00:00.000000 UTC,ALTO_VOLUME_ENCERRADO
Dubai Tennis Championships: Daniil Medvedev vs Juncheng Shang,Dubai Tennis Championships: Daniil Medvedev vs Juncheng Shang,224915.94286,2026-02-21 17:00:14.000000 UTC,2026-03-02 07:00:00.000000 UTC,ALTO_VOLUME_ENCERRADO
Hellenic Championship: Novak Djokovic vs Yannick Hanfmann,Hellenic Championship: Novak Djokovic vs Yannick Hanfmann,222718.266039,2025-11-06 23:00:01.000000 UTC,2025-11-14 15:00:00.000000 UTC,ALTO_VOLUME_ENCERRADO
UEFA Champions League: Team to advance to semis,Will Barcelona reach the UEFA Champions League semifinal?,222276.98162099996,2026-03-09 18:03:46.000000 UTC,2026-05-07 00:00:00.000000 UTC,ALTO_VOLUME_ENCERRADO
UEFA Champions League: Team to advance to semis,Will Real Madrid reach the UEFA Champions League semifinal?,221659.95807299996,2026-03-09 18:03:48.000000 UTC,2026-05-07 00:00:00.000000 UTC,ALTO_VOLUME_ENCERRADO
Hellenic Championship: Alexandre Muller vs Tomas Etcheverry,Hellenic Championship: Alexandre Muller vs Tomas Etcheverry,220255.98398,2025-11-04 17:00:06.000000 UTC,2025-11-12 08:00:00.000000 UTC,ALTO_VOLUME_ENCERRADO
Hellenic Championship: Alexandre Muller vs Jan-Lennard Struff,Hellenic Championship: Alexandre Muller vs Jan-Lennard Struff,219176.917712,2025-11-02 23:00:02.000000 UTC,2025-11-10 17:30:00.000000 UTC,ALTO_VOLUME_ENCERRADO
PGA Tour: Cadillac Championship Winner,Will Scottie Scheffler win the 2026 Cadillac Championship?,218651.05303799995,2026-04-27 16:00:14.000000 UTC,2026-05-03 00:00:00.000000 UTC,ALTO_VOLUME_ENCERRADO
2025 National Heads-Up Poker Championship Winner,"Will ""Nick Wright"" win the 2025 National Heads-Up Poker Championship?",217957.0752,2025-08-03 16:20:52.000000 UTC,2025-12-31 22:00:00.000000 UTC,ALTO_VOLUME_ENCERRADO
Dubai Duty Free Tennis Championships: Liudmila Samsonova vs Leylah Fernandez,Dubai Duty Free Tennis Championships: Liudmila Samsonova vs Leylah Fernandez,217796.511675,2026-02-14 17:00:16.000000 UTC,2026-02-22 06:00:00.000000 UTC,ALTO_VOLUME_ENCERRADO
US Men's Clay Court Championships: Tomas Etcheverry vs Alex Bolt,US Men's Clay Court Championships: Tomas Etcheverry vs Alex Bolt,215620.7206030002,2026-03-31 22:00:06.000000 UTC,2026-04-08 15:00:00.000000 UTC,ALTO_VOLUME_ENCERRADO
Speed Chess Championship Winner 2024,Will Alireza Firouzja win the Speed Chess Championship?,214017.270617,2024-08-09 17:22:05.000000 UTC,2024-09-08 12:00:00.000000 UTC,ALTO_VOLUME_ENCERRADO
US Men's Clay Court Championships: Tomas Etcheverry vs Tommy Paul,US Men's Clay Court Championships: Tomas Etcheverry vs Tommy Paul,212471.72715300039,2026-04-02 04:00:12.000000 UTC,2026-04-10 16:00:00.000000 UTC,ALTO_VOLUME_ENCERRADO
2025 National Heads-Up Poker Championship Winner,Will Matt Salsberg win the 2025 National Heads-Up Poker Championship?,211028.05852,2025-08-03 16:21:28.000000 UTC,2025-12-31 22:00:00.000000 UTC,ALTO_VOLUME_ENCERRADO
PDC World Championship,Will Luke Littler win the 2024-25 PDC World Championship?,210004.477621,2024-12-06 18:56:58.000000 UTC,2025-01-03 12:00:00.000000 UTC,ALTO_VOLUME_ENCERRADO
Hellenic Championship: Miomir Kecmanovic vs Luciano Darderi,Hellenic Championship: Miomir Kecmanovic vs Luciano Darderi,207415.868599,2025-11-03 17:00:03.000000 UTC,2025-11-11 08:00:00.000000 UTC,ALTO_VOLUME_ENCERRADO
Dubai Duty Free Tennis Championships: Belinda Bencic vs Elina Svitolina,Dubai Duty Free Tennis Championships: Belinda Bencic vs Elina Svitolina,207399.547002,2026-02-17 17:00:13.000000 UTC,2026-02-25 13:30:00.000000 UTC,ALTO_VOLUME_ENCERRADO
Champions League Winner,Will Real Madrid win the 2023-24 Champions League?,207108.720928,2024-01-30 18:52:12.000000 UTC,2024-05-30 00:00:00.000000 UTC,ALTO_VOLUME_ENCERRADO
Dubai Duty Free Tennis Championships: Belinda Bencic vs Jessica Bouzas Maneiro,Dubai Duty Free Tennis Championships: Belinda Bencic vs Jessica Bouzas Maneiro,205498.20491,2026-02-14 17:00:05.000000 UTC,2026-02-22 06:00:00.000000 UTC,ALTO_VOLUME_ENCERRADO
2025 Open Championship Winner,Will Rory McIlroy win The 2025 Open Championship?,204303.884404,2025-02-26 23:56:25.000000 UTC,2025-12-31 12:00:00.000000 UTC,ALTO_VOLUME_ENCERRADO
US Men's Clay Court Championships: Roman Andres Burruchaga vs Adam Walton,US Men's Clay Court Championships: Roman Andres Burruchaga vs Adam Walton,203115.647382,2026-03-28 04:00:13.000000 UTC,2026-04-06 15:00:00.000000 UTC,ALTO_VOLUME_ENCERRADO
Which EPL team will qualify for the 2025-26 Champions League?,Will Manchester United qualify for the 2025–26 UEFA Champions League?,202935.816319,2025-05-06 23:41:49.000000 UTC,2025-05-25 12:00:00.000000 UTC,ALTO_VOLUME_ENCERRADO
Dubai Duty Free Tennis Championships: Ekaterina Alexandrova vs Magda Linette,Dubai Duty Free Tennis Championships: Ekaterina Alexandrova vs Magda Linette,202813.936997,2026-02-15 17:00:24.000000 UTC,2026-02-24 06:00:00.000000 UTC,ALTO_VOLUME_ENCERRADO
"Dubai Tennis Championships, Qualification: Botic van de Zandschulp vs Pablo Carreno Busta","Dubai Tennis Championships, Qualification: Botic van de Zandschulp vs Pablo Carreno Busta",202195.213227,2026-02-20 23:00:06.000000 UTC,2026-02-28 08:30:00.000000 UTC,ALTO_VOLUME_ENCERRADO
Dubai Tennis Championships: Daniil Medvedev vs Jenson Brooksby,Dubai Tennis Championships: Daniil Medvedev vs Jenson Brooksby,200371.248271,2026-02-25 17:00:11.000000 UTC,2026-03-05 10:00:00.000000 UTC,ALTO_VOLUME_ENCERRADO
2025 National Heads-Up Poker Championship Winner,Will Jasper win the 2025 National Heads-Up Poker Championship?,200042.2755,2025-08-03 16:21:20.000000 UTC,2025-12-31 22:00:00.000000 UTC,ALTO_VOLUME_ENCERRADO
2025 National Heads-Up Poker Championship Winner,Will Frank Brannan win the 2025 National Heads-Up Poker Championship?,199780.992771,2025-08-03 16:21:07.000000 UTC,2025-12-31 22:00:00.000000 UTC,ALTO_VOLUME_ENCERRADO
"US Men's Clay Court Championships, Qualification: Jack Pinnington Jones vs J.J. Wolf","US Men's Clay Court Championships, Qualification: Jack Pinnington Jones vs J.J. Wolf",198894.81835300021,2026-03-28 04:00:03.000000 UTC,2026-04-04 16:00:00.000000 UTC,ALTO_VOLUME_ENCERRADO
F1 Constructor's Championship: 2nd Place,Will Red Bull Racing finish second in the 2025 Constructors' Championship?,198879.557333,2025-04-22 21:15:28.000000 UTC,2025-12-07 12:00:00.000000 UTC,ALTO_VOLUME_ENCERRADO
Which teams will reach the Round of 16 of the UEFA Champions League?,Will Stade Brestois advance to the Round of 16 in the 2024-25 UEFA Champions League?,198196.608713,2025-01-28 00:30:22.000000 UTC,2025-02-19 12:00:00.000000 UTC,ALTO_VOLUME_ENCERRADO
Champions League Winner,Will Atletico Madrid win the 2023-24 Champions League?,197994.793871,2024-01-30 18:52:12.000000 UTC,2024-05-30 00:00:00.000000 UTC,ALTO_VOLUME_ENCERRADO
Dubai Duty Free Tennis Championships: Antonia Ruzic vs Anastasia Zakharova,Dubai Duty Free Tennis Championships: Antonia Ruzic vs Anastasia Zakharova,197810.92843,2026-02-16 17:00:18.000000 UTC,2026-02-24 10:00:00.000000 UTC,ALTO_VOLUME_ENCERRADO
World Test Championship: India vs South Africa (Game 2),Will India win?,197206.436715,2025-11-15 05:00:03.000000 UTC,2025-11-29 03:30:00.000000 UTC,ALTO_VOLUME_ENCERRADO
2025 National Heads-Up Poker Championship Winner,Will Vinny Lingham win the 2025 National Heads-Up Poker Championship?,196126.26839,2025-08-03 16:21:32.000000 UTC,2025-12-31 22:00:00.000000 UTC,ALTO_VOLUME_ENCERRADO
2025 National Heads-Up Poker Championship Winner,Will Brazil God win the 2025 National Heads-Up Poker Championship?,194710.071332,2025-08-03 16:21:24.000000 UTC,2025-12-31 22:00:00.000000 UTC,ALTO_VOLUME_ENCERRADO
Which EPL team will qualify for the 2025-26 Champions League?,Will Aston Villa qualify for the 2025–26 UEFA Champions League?,193720.013363,2025-05-05 23:18:02.000000 UTC,2025-05-25 12:00:00.000000 UTC,ALTO_VOLUME_ENCERRADO
US Men's Clay Court Championships: Tomas Etcheverry vs Federico Agustin Gomez,US Men's Clay Court Championships: Tomas Etcheverry vs Federico Agustin Gomez,193614.41947099971,2026-03-29 22:00:08.000000 UTC,2026-04-07 15:00:00.000000 UTC,ALTO_VOLUME_ENCERRADO
Dubai Tennis Championships: Andrey Rublev vs Valentin Royer,Dubai Tennis Championships: Andrey Rublev vs Valentin Royer,193170.376607,2026-02-21 17:00:17.000000 UTC,2026-03-02 07:00:00.000000 UTC,ALTO_VOLUME_ENCERRADO
2025 National Heads-Up Poker Championship Winner,Will Kasey Lyn Mills win the 2025 National Heads-Up Poker Championship?,192424.839179,2025-08-03 16:21:22.000000 UTC,2025-12-31 22:00:00.000000 UTC,ALTO_VOLUME_ENCERRADO
Hellenic Championship: Novak Djokovic vs Nuno Borges,Hellenic Championship: Novak Djokovic vs Nuno Borges,191908.904782,2025-11-04 23:00:02.000000 UTC,2025-11-13 09:00:00.000000 UTC,ALTO_VOLUME_ENCERRADO
UEFA Champions League: Team to advance to semis,Will Arsenal reach the UEFA Champions League semifinal?,191561.5844450001,2026-03-09 18:03:42.000000 UTC,2026-05-07 00:00:00.000000 UTC,ALTO_VOLUME_ENCERRADO
Which teams will reach the Round of 16 of the UEFA Champions League?,Will Manchester City advance to the Round of 16 in the 2024-25 UEFA Champions League?,191534.14027,2025-01-28 00:30:30.000000 UTC,2025-02-19 12:00:00.000000 UTC,ALTO_VOLUME_ENCERRADO
Champions League Top Scorer,Will Jude Bellingham be the top Champions League scorer?,191198.243633,2025-02-24 18:49:12.000000 UTC,2025-05-31 12:00:00.000000 UTC,ALTO_VOLUME_ENCERRADO
Dubai Duty Free Tennis Championships: Coco Gauff vs Anna Kalinskaya,Dubai Duty Free Tennis Championships: Coco Gauff vs Anna Kalinskaya,190757.705109,2026-02-16 17:00:21.000000 UTC,2026-02-24 10:00:00.000000 UTC,ALTO_VOLUME_ENCERRADO
NFL Conference Championships,NFL: Will the Chiefs beat the Bengals by more than 7.5 points in their January 30 matchup?,189061.609552,2022-01-29 18:45:36.000000 UTC,2022-02-06 00:00:00.000000 UTC,ALTO_VOLUME_ENCERRADO
2025 National Heads-Up Poker Championship Winner,Will Maria Konnikova win the 2025 National Heads-Up Poker Championship?,188838.171,2025-08-03 16:21:23.000000 UTC,2025-12-31 22:00:00.000000 UTC,ALTO_VOLUME_ENCERRADO
Champions League Winner,Will Dortmund win the 2023-24 Champions League?,188245.645205,2024-01-30 18:52:12.000000 UTC,2024-05-30 00:00:00.000000 UTC,ALTO_VOLUME_ENCERRADO
Champions Chess Tour Winner,Will Magnus Carlsen win the Champions Chess Tour Finals?,186175.370575,2024-12-11 20:25:41.000000 UTC,2024-12-21 12:00:00.000000 UTC,ALTO_VOLUME_ENCERRADO
Dubai Duty Free Tennis Championships: Moyuka Uchijima vs Anastasia Zakharova,Dubai Duty Free Tennis Championships: Moyuka Uchijima vs Anastasia Zakharova,185304.937564,2026-02-15 17:00:07.000000 UTC,2026-02-23 10:00:00.000000 UTC,ALTO_VOLUME_ENCERRADO
2025 IIHF World Championship,Will Canada win the 2025 IIHF World Championship?,184939.593436,2025-05-08 22:09:28.000000 UTC,2025-05-25 12:00:00.000000 UTC,ALTO_VOLUME_ENCERRADO
"Dubai Duty Free Tennis Championships, Qualification: Elisabetta Cocciaretto vs Donna Vekic","Dubai Duty Free Tennis Championships, Qualification: Elisabetta Cocciaretto vs Donna Vekic",184839.348493,2026-02-12 17:00:13.000000 UTC,2026-02-20 10:00:00.000000 UTC,ALTO_VOLUME_ENCERRADO
UEFA Champions League: Team to advance to semis,Will Liverpool reach the UEFA Champions League semifinal?,184741.690166,2026-03-09 18:03:44.000000 UTC,2026-05-07 00:00:00.000000 UTC,ALTO_VOLUME_ENCERRADO
2025 National Heads-Up Poker Championship Winner,Will Johnnie Vibes win the 2025 National Heads-Up Poker Championship?,183700.685,2025-08-03 16:21:28.000000 UTC,2025-12-31 22:00:00.000000 UTC,ALTO_VOLUME_ENCERRADO
Dubai Duty Free Tennis Championships: Katerina Siniakova vs Paula Badosa,Dubai Duty Free Tennis Championships: Katerina Siniakova vs Paula Badosa,183376.928326,2026-02-14 17:00:07.000000 UTC,2026-02-22 06:00:00.000000 UTC,ALTO_VOLUME_ENCERRADO
PGA TOUR Wyndham Championship – Winner ,Will Cameron Young win the 2025 Wyndham Championship?,183122.127667,2025-07-27 23:12:02.000000 UTC,2025-08-04 00:00:00.000000 UTC,ALTO_VOLUME_ENCERRADO
World Test Championship: Australia vs England (Game 5),Will England win?,181464.301442,2025-12-28 05:00:18.000000 UTC,2026-01-10 23:30:00.000000 UTC,ALTO_VOLUME_ENCERRADO
Speed Chess Championship 2025–2026 Winner,Will Denis Lazavik win the 2025–2026 Speed Chess Championship?,180557.709678,2025-10-29 21:40:37.000000 UTC,2026-02-09 00:00:00.000000 UTC,ALTO_VOLUME_ENCERRADO
World Chess Championship: Game 14,Will Ding Liren win Game 14 of the World Chess Championship?,179270.394809,2024-12-02 20:36:11.000000 UTC,2024-12-12 12:00:00.000000 UTC,ALTO_VOLUME_ENCERRADO
Dubai Duty Free Tennis Championships: Belinda Bencic vs Sara Bejlek,Dubai Duty Free Tennis Championships: Belinda Bencic vs Sara Bejlek,178021.527281,2026-02-16 17:00:10.000000 UTC,2026-02-24 08:30:00.000000 UTC,ALTO_VOLUME_ENCERRADO
PGA TOUR: Travelers Championship Winner ,Will Keegan Bradley win the 2025 Travelers Championship?,177479.290344,2025-06-16 00:25:57.000000 UTC,2025-06-23 00:00:00.000000 UTC,ALTO_VOLUME_ENCERRADO
Dubai Duty Free Tennis Championships: Iva Jovic vs Jessica Pegula,Dubai Duty Free Tennis Championships: Iva Jovic vs Jessica Pegula,176116.919836,2026-02-17 11:00:08.000000 UTC,2026-02-26 06:00:00.000000 UTC,ALTO_VOLUME_ENCERRADO
Champions League Final: Man City v. Inter,Champions League Final: Man City v. Inter,175593.743288,2023-06-07 03:10:35.000000 UTC,2023-06-10 00:00:00.000000 UTC,ALTO_VOLUME_ENCERRADO
2025 EuroBasket Championship Winner ,Will Germany win the 2025 EuroBasket Championship?,175119.017901,2025-08-26 00:16:09.000000 UTC,2025-09-20 00:00:00.000000 UTC,ALTO_VOLUME_ENCERRADO
Hellenic Championship: Stan Wawrinka vs Botic van de Zandschulp,Hellenic Championship: Stan Wawrinka vs Botic van de Zandschulp,173167.283481,2025-10-31 22:00:14.000000 UTC,2025-11-09 08:00:00.000000 UTC,ALTO_VOLUME_ENCERRADO
Champions League Top Scorer,Will Bukayo Saka be the top Champions League scorer?,172688.46749,2025-02-24 18:49:09.000000 UTC,2025-05-31 12:00:00.000000 UTC,ALTO_VOLUME_ENCERRADO
UEFA Champions League: Top Scorer,Will de Goes Rodrygo be the 2025/2026 top UCL goal scorer?,172510.33002400002,2025-09-17 18:44:42.000000 UTC,2026-05-30 00:00:00.000000 UTC,ALTO_VOLUME_ENCERRADO
World Chess Championship: Game 14,Will Gukesh Dommaraju win Game 14 of the World Chess Championship?,171654.225344,2024-12-02 20:36:45.000000 UTC,2024-12-12 12:00:00.000000 UTC,ALTO_VOLUME_ENCERRADO
US Men's Clay Court Championships: Martin Damm vs Brandon Nakashima,US Men's Clay Court Championships: Martin Damm vs Brandon Nakashima,168872.36334099993,2026-03-28 04:00:14.000000 UTC,2026-04-06 15:00:00.000000 UTC,ALTO_VOLUME_ENCERRADO
Champions League Winner,Will Arsenal win the 2023-24 Champions League?,166291.710055,2024-01-30 18:52:12.000000 UTC,2024-05-30 00:00:00.000000 UTC,ALTO_VOLUME_ENCERRADO
Hellenic Championship: Alexandre Muller vs Lorenzo Musetti,Hellenic Championship: Alexandre Muller vs Lorenzo Musetti,166158.974826,2025-11-05 23:00:01.000000 UTC,2025-11-13 13:00:00.000000 UTC,ALTO_VOLUME_ENCERRADO
2025 EuroBasket Championship Winner ,Will Turkey win the 2025 EuroBasket Championship?,166148.955453,2025-08-26 00:16:13.000000 UTC,2025-09-20 00:00:00.000000 UTC,ALTO_VOLUME_ENCERRADO
PDC World Championship,Will Michael Van Gerwen win the 2024-25 PDC World Championship?,163976.637888,2024-12-06 19:12:17.000000 UTC,2025-01-03 12:00:00.000000 UTC,ALTO_VOLUME_ENCERRADO
Champions League: Which teams advance to round of 16?,Will Borussia Dortmund advance to the round of 16?,163633.301856,2025-09-17 20:26:28.000000 UTC,2025-12-31 00:00:00.000000 UTC,ALTO_VOLUME_ENCERRADO
"US Men's Clay Court Championships, Qualification: Liam Draxl vs Mitchell Krueger","US Men's Clay Court Championships, Qualification: Liam Draxl vs Mitchell Krueger",163488.54516999997,2026-03-28 04:00:04.000000 UTC,2026-04-04 17:30:00.000000 UTC,ALTO_VOLUME_ENCERRADO
Champions League Round of 16: Which team will advance?,Will Paris Saint-Germain or Liverpool advance in the UCL Round of 16?,162743.135776,2025-02-21 19:41:29.000000 UTC,2025-03-12 12:00:00.000000 UTC,ALTO_VOLUME_ENCERRADO
World Test Championship: Australia vs England (Game 2),Will Australia win?,162530.240546,2025-11-27 05:00:02.000000 UTC,2025-12-11 04:00:00.000000 UTC,ALTO_VOLUME_ENCERRADO
Dubai Duty Free Tennis Championships: Linda Noskova vs Sorana Cirstea,Dubai Duty Free Tennis Championships: Linda Noskova vs Sorana Cirstea,162092.421812,2026-02-16 17:00:07.000000 UTC,2026-02-24 13:00:00.000000 UTC,ALTO_VOLUME_ENCERRADO