bucket_ts,volume_usd,trade_count,unique_traders,vwap,yes_flow_imbalance
2024-06-24 00:00:00.000000 UTC,2391.34,5,6,0.23172823605175344,-1.0
2024-06-24 01:00:00.000000 UTC,159.59,4,4,0.23661507613258972,0.32301522651795234
2024-06-24 02:00:00.000000 UTC,11.95,1,2,0.23,-1.0
2024-06-24 03:00:00.000000 UTC,908.68,11,11,0.22556213408460626,-1.0
2024-06-24 04:00:00.000000 UTC,20.0,1,2,0.23000000000000004,1.0
2024-06-24 05:00:00.000000 UTC,60.47,2,3,0.24,1.0
2024-06-24 06:00:00.000000 UTC,7.0,1,2,0.24,1.0
2024-06-24 07:00:00.000000 UTC,0.0,0,0,,
2024-06-24 08:00:00.000000 UTC,0.0,0,0,,
2024-06-24 09:00:00.000000 UTC,174.67000000000002,2,3,0.23993416156180225,1.0
2024-06-24 10:00:00.000000 UTC,0.0,0,0,,
2024-06-24 11:00:00.000000 UTC,1.15,1,2,0.23000000000000004,1.0
2024-06-24 12:00:00.000000 UTC,0.0,0,0,,
2024-06-24 13:00:00.000000 UTC,0.0,0,0,,
2024-06-24 14:00:00.000000 UTC,1.15,1,2,0.23000000000000004,1.0
2024-06-24 15:00:00.000000 UTC,0.0,0,0,,
2024-06-24 16:00:00.000000 UTC,0.0,0,0,,
2024-06-24 17:00:00.000000 UTC,0.0,0,0,,
2024-06-24 18:00:00.000000 UTC,0.0,0,0,,
2024-06-24 19:00:00.000000 UTC,0.0,0,0,,
2024-06-24 20:00:00.000000 UTC,0.0,0,0,,
2024-06-24 21:00:00.000000 UTC,0.0,0,0,,
2024-06-24 22:00:00.000000 UTC,0.0,0,0,,
2024-06-24 23:00:00.000000 UTC,0.0,0,0,,
2024-06-25 00:00:00.000000 UTC,0.0,0,0,,
2024-06-25 01:00:00.000000 UTC,0.0,0,0,,
2024-06-25 02:00:00.000000 UTC,0.0,0,0,,
2024-06-25 03:00:00.000000 UTC,0.0,0,0,,
2024-06-25 04:00:00.000000 UTC,0.0,0,0,,
2024-06-25 05:00:00.000000 UTC,0.0,0,0,,
2024-06-25 06:00:00.000000 UTC,0.0,0,0,,
2024-06-25 07:00:00.000000 UTC,0.0,0,0,,
2024-06-25 08:00:00.000000 UTC,0.0,0,0,,
2024-06-25 09:00:00.000000 UTC,0.0,0,0,,
2024-06-25 10:00:00.000000 UTC,195.41,2,3,0.22,-1.0
2024-06-25 11:00:00.000000 UTC,88.02000000000001,3,4,0.22,-1.0
2024-06-25 12:00:00.000000 UTC,676.28,8,10,0.21937895546223457,-1.0
2024-06-25 13:00:00.000000 UTC,77.59,2,3,0.21,-1.0
2024-06-25 14:00:00.000000 UTC,140.21,1,2,0.21,-1.0
2024-06-25 15:00:00.000000 UTC,28.049999999999997,2,3,0.21,-1.0
2024-06-25 16:00:00.000000 UTC,1.1,1,2,0.22,1.0
2024-06-25 17:00:00.000000 UTC,0.0,0,0,,
2024-06-25 18:00:00.000000 UTC,28.21,1,2,0.22,-1.0
2024-06-25 19:00:00.000000 UTC,271.98,2,4,0.21922788440326491,-1.0
2024-06-25 20:00:00.000000 UTC,0.0,0,0,,
2024-06-25 21:00:00.000000 UTC,1.33,1,2,0.21,-1.0
2024-06-25 22:00:00.000000 UTC,0.0,0,0,,
2024-06-25 23:00:00.000000 UTC,265.82,1,2,0.21,-1.0
2024-06-26 00:00:00.000000 UTC,1723.32,6,6,0.20999999999999996,-1.0
2024-06-26 01:00:00.000000 UTC,1333.91,7,8,0.21000000000000005,-1.0
2024-06-26 02:00:00.000000 UTC,315.0,1,2,0.20999999999999996,-1.0
2024-06-26 03:00:00.000000 UTC,0.0,0,0,,
2024-06-26 04:00:00.000000 UTC,0.0,0,0,,
2024-06-26 05:00:00.000000 UTC,10.5,1,2,0.21000000000000002,1.0
2024-06-26 06:00:00.000000 UTC,0.0,0,0,,
2024-06-26 07:00:00.000000 UTC,0.0,0,0,,
2024-06-26 08:00:00.000000 UTC,0.0,0,0,,
2024-06-26 09:00:00.000000 UTC,0.0,0,0,,
2024-06-26 10:00:00.000000 UTC,0.0,0,0,,
2024-06-26 11:00:00.000000 UTC,0.0,0,0,,
2024-06-26 12:00:00.000000 UTC,433.2,8,9,0.19626754385964912,-1.0
2024-06-26 13:00:00.000000 UTC,99.9,2,2,0.18,-1.0
2024-06-26 14:00:00.000000 UTC,0.95,1,2,0.19,1.0
2024-06-26 15:00:00.000000 UTC,90.739999999999981,5,5,0.19,-0.8146352215120124
2024-06-26 16:00:00.000000 UTC,0.0,0,0,,
2024-06-26 17:00:00.000000 UTC,469.88,2,3,0.18999999999999997,-1.0
2024-06-26 18:00:00.000000 UTC,0.0,0,0,,
2024-06-26 19:00:00.000000 UTC,0.0,0,0,,
2024-06-26 20:00:00.000000 UTC,29.96,1,2,0.18,-1.0
2024-06-26 21:00:00.000000 UTC,0.0,0,0,,
2024-06-26 22:00:00.000000 UTC,0.0,0,0,,
2024-06-26 23:00:00.000000 UTC,12.770000000000001,2,3,0.17999999999999997,-1.0
2024-06-27 00:00:00.000000 UTC,0.0,0,0,,
2024-06-27 01:00:00.000000 UTC,109.76,1,2,0.18000000000000002,-1.0
2024-06-27 02:00:00.000000 UTC,2.8600000000000003,2,4,0.18615384615384611,0.23076923076923073
2024-06-27 03:00:00.000000 UTC,775.82,4,6,0.18001224510840141,-0.99755097831971318
2024-06-27 04:00:00.000000 UTC,139.20999999999998,2,3,0.18,-1.0
2024-06-27 05:00:00.000000 UTC,0.0,0,0,,
2024-06-27 06:00:00.000000 UTC,0.0,0,0,,
2024-06-27 07:00:00.000000 UTC,0.0,0,0,,
2024-06-27 08:00:00.000000 UTC,0.0,0,0,,
2024-06-27 09:00:00.000000 UTC,0.0,0,0,,
2024-06-27 10:00:00.000000 UTC,0.0,0,0,,
2024-06-27 11:00:00.000000 UTC,0.0,0,0,,
2024-06-27 12:00:00.000000 UTC,43.13,2,3,0.19,1.0
2024-06-27 13:00:00.000000 UTC,0.0,0,0,,
2024-06-27 14:00:00.000000 UTC,39.64,2,3,0.19,-1.0
2024-06-27 15:00:00.000000 UTC,155.8,1,2,0.19,-1.0
2024-06-27 16:00:00.000000 UTC,331.9,3,4,0.19000000000000003,-1.0
2024-06-27 17:00:00.000000 UTC,323.33,5,5,0.19,-1.0
2024-06-27 18:00:00.000000 UTC,57.0,1,2,0.19,-1.0
2024-06-27 19:00:00.000000 UTC,57.95,2,3,0.19,-0.96721311475409821
2024-06-27 20:00:00.000000 UTC,117.28,1,2,0.19,-1.0
2024-06-27 21:00:00.000000 UTC,21.66,3,4,0.19,-0.45060018467220692
2024-06-27 22:00:00.000000 UTC,1877.38,7,3,0.19,1.0
2024-06-27 23:00:00.000000 UTC,0.0,0,0,,
2024-06-28 00:00:00.000000 UTC,3092.1099999999997,5,6,0.20000000000000004,-0.68008253263952445
2024-06-28 01:00:00.000000 UTC,15452.66,22,23,0.31960649493355842,0.89425768767319025
2024-06-28 02:00:00.000000 UTC,23429.879999999997,39,41,0.32766993258181437,-0.55445610476878249
2024-06-28 03:00:00.000000 UTC,14662.219999999998,65,62,0.45330048928470607,0.58845249900765384
2024-06-28 04:00:00.000000 UTC,2317.19,38,28,0.34959131534315269,0.075034848242914953
2024-06-28 05:00:00.000000 UTC,2025.1499999999999,16,18,0.34962842258598131,-0.78271239167469076
2024-06-28 06:00:00.000000 UTC,6307.49,36,25,0.3713877628026363,0.068485245319453436
2024-06-28 07:00:00.000000 UTC,1334.51,16,17,0.39353463068841754,0.91757274205513639
2024-06-28 08:00:00.000000 UTC,4764.21,30,30,0.39580473992540222,0.81601566681569448
2024-06-28 09:00:00.000000 UTC,1517.84,18,14,0.38335779792336483,-0.25852527275602172
2024-06-28 10:00:00.000000 UTC,13361.959999999997,15,19,0.42276572448952104,0.86722606563707727
2024-06-28 11:00:00.000000 UTC,363.35,9,10,0.41234484656667125,-0.052979221136645105
2024-06-28 12:00:00.000000 UTC,1487.78,16,18,0.403003064969283,-0.025810267647098345
2024-06-28 13:00:00.000000 UTC,8853.5,33,24,0.36303513864573345,-0.40449313830688433
2024-06-28 14:00:00.000000 UTC,5545.6799999999994,16,16,0.35500907012305088,-0.74218130148151351
2024-06-28 15:00:00.000000 UTC,2247.99,11,11,0.42790799781137823,1.0
2024-06-28 16:00:00.000000 UTC,1327.2099999999998,8,10,0.4292974736477273,-0.99698615893490861
2024-06-28 17:00:00.000000 UTC,4261.05,17,15,0.34347132748970327,-0.99530632121190787
2024-06-28 18:00:00.000000 UTC,1753.76,5,6,0.33469482711431442,1.0
2024-06-28 19:00:00.000000 UTC,1165.87,5,7,0.3378042148781597,0.78042148781596576
2024-06-28 20:00:00.000000 UTC,2821.06,7,8,0.31911012172729397,-1.0
2024-06-28 21:00:00.000000 UTC,6937.1,5,7,0.32864326591803489,0.72865318360698272
2024-06-28 22:00:00.000000 UTC,0.0,0,0,,
2024-06-28 23:00:00.000000 UTC,5009.44,22,14,0.25825221980900065,-0.98205388227027379
2024-06-29 00:00:00.000000 UTC,2018.9400000000003,8,9,0.31951484442331124,0.96051393305397881
2024-06-29 01:00:00.000000 UTC,1012.19,4,5,0.33001679526571093,0.96613284067220573
2024-06-29 02:00:00.000000 UTC,256.0,1,2,0.32,-1.0
2024-06-29 03:00:00.000000 UTC,1234.17,3,5,0.32992723854898426,0.99272385489843362
2024-06-29 04:00:00.000000 UTC,730.63,6,6,0.31,-1.0
2024-06-29 05:00:00.000000 UTC,64.0,2,3,0.32,1.0
2024-06-29 06:00:00.000000 UTC,143.09,3,4,0.32999999999999996,1.0
2024-06-29 07:00:00.000000 UTC,159.22,3,4,0.33,1.0
2024-06-29 08:00:00.000000 UTC,633.7,5,7,0.31149913208142649,-0.8500867918573457
2024-06-29 09:00:00.000000 UTC,482.48,5,7,0.32146120046426796,0.14612004642679488
2024-06-29 10:00:00.000000 UTC,370.31,2,3,0.33,1.0
2024-06-29 11:00:00.000000 UTC,55.17,3,4,0.32000000000000006,1.0
2024-06-29 12:00:00.000000 UTC,835.22,9,12,0.31243480759560355,-0.51303848087928927
2024-06-29 13:00:00.000000 UTC,3448.71,13,12,0.32775910412879022,0.9700293733019012
2024-06-29 14:00:00.000000 UTC,99.570000000000007,4,6,0.32076227779451638,-0.39640453951993582
2024-06-29 15:00:00.000000 UTC,9554.2900000000027,5,6,0.31999858702216488,-1.0
2024-06-29 16:00:00.000000 UTC,303.8,2,3,0.31,-1.0
2024-06-29 17:00:00.000000 UTC,76.38,2,2,0.31,-1.0
2024-06-29 18:00:00.000000 UTC,55.43,2,3,0.31,-1.0
2024-06-29 19:00:00.000000 UTC,392.5,2,4,0.31420382165605093,-0.57961783439490444
2024-06-29 20:00:00.000000 UTC,0.0,0,0,,
2024-06-29 21:00:00.000000 UTC,2931.75,5,7,0.36630425513771636,1.0
2024-06-29 22:00:00.000000 UTC,25.0,1,2,0.36,1.0
2024-06-29 23:00:00.000000 UTC,115.67,5,6,0.35,1.0
2024-06-30 00:00:00.000000 UTC,3621.62,5,6,0.35000000000000003,1.0
2024-06-30 01:00:00.000000 UTC,9451.76,21,17,0.39702910357436072,0.93590611695599557
2024-06-30 02:00:00.000000 UTC,4469.1200000000008,19,15,0.448923255584992,0.36651510811971927
2024-06-30 03:00:00.000000 UTC,864.99,9,10,0.44453739349587856,-0.0055376362732518034
2024-06-30 04:00:00.000000 UTC,19711.689999999995,57,33,0.50708161502134019,0.53561160915172679
2024-06-30 05:00:00.000000 UTC,4078.6,36,19,0.48280613445790227,-0.51099887216201634
2024-06-30 06:00:00.000000 UTC,2649.9900000000002,20,13,0.49017090630530674,0.14410243057520974
2024-06-30 07:00:00.000000 UTC,1072.3600000000001,11,9,0.45565444440299896,-0.81349546793987082
2024-06-30 08:00:00.000000 UTC,1110.54,17,17,0.446042195688584,-0.54087200821222092
2024-06-30 09:00:00.000000 UTC,225.56,5,8,0.44852101436424896,-0.74392622805461961
2024-06-30 10:00:00.000000 UTC,503.90999999999997,7,10,0.48131729872397849,0.59976980016272752
2024-06-30 11:00:00.000000 UTC,1133.08,12,10,0.47932581988915174,0.32011861474917935
2024-06-30 12:00:00.000000 UTC,2026.7800000000002,14,11,0.4402743761039678,-0.77205222076397051
2024-06-30 13:00:00.000000 UTC,27940.559999999998,53,30,0.3882199390420234,-0.87420438244616427
2024-06-30 14:00:00.000000 UTC,6988.85,17,20,0.430025111427488,0.97653405066641863
2024-06-30 15:00:00.000000 UTC,1353.35,13,18,0.44175409169837809,-0.43812022019433255
2024-06-30 16:00:00.000000 UTC,4605.130000000001,22,20,0.43698149672213366,1.9543422226884094e-05
2024-06-30 17:00:00.000000 UTC,4269.2400000000007,20,15,0.4393096195107325,0.073544705849284533
2024-06-30 18:00:00.000000 UTC,4089.9,8,10,0.47647067165456369,0.70131299053766594
2024-06-30 19:00:00.000000 UTC,8228.6,26,25,0.46623381863257424,0.43923875264321988
2024-06-30 20:00:00.000000 UTC,32870.31,42,26,0.4048710188617024,-0.80916821289485874
2024-06-30 21:00:00.000000 UTC,16529.19,54,38,0.43860497701339274,0.75344708361389756
2024-06-30 22:00:00.000000 UTC,2438.9300000000003,17,17,0.4432482277064122,0.35986682684619903
2024-06-30 23:00:00.000000 UTC,2406.26,23,23,0.43782118308079748,0.759510609826037
2024-07-01 00:00:00.000000 UTC,1205.0600000000002,17,17,0.43954898511277435,0.55995552088692668
2024-07-01 01:00:00.000000 UTC,200.0,2,3,0.45,1.0
2024-07-01 02:00:00.000000 UTC,0.0,0,0,,
2024-07-01 03:00:00.000000 UTC,624.75,3,4,0.43000000000000005,-1.0
2024-07-01 04:00:00.000000 UTC,3503.1299999999992,7,7,0.44959396311298766,0.96002432110712432
2024-07-01 05:00:00.000000 UTC,770.9,7,9,0.45283759242443894,-0.42664418212478922
2024-07-01 06:00:00.000000 UTC,2328.93,8,10,0.45722353183650866,0.44470636730172231
2024-07-01 07:00:00.000000 UTC,3535.86,20,18,0.41587692951644012,-0.8439530976905194
2024-07-01 08:00:00.000000 UTC,367.04999999999995,18,18,0.40481487535758082,0.48148753575807107
2024-07-01 09:00:00.000000 UTC,9646.79,11,12,0.4197466929413825,1.0
2024-07-01 10:00:00.000000 UTC,1263.74,4,5,0.42,1.0
2024-07-01 11:00:00.000000 UTC,15638.92,17,16,0.40839349520299356,0.27058518107388485
2024-07-01 12:00:00.000000 UTC,3257.97,8,10,0.38188767852374339,-0.99386120805286726
2024-07-01 13:00:00.000000 UTC,132.68,5,5,0.39000000000000007,1.0
2024-07-01 14:00:00.000000 UTC,678.56999999999994,10,11,0.38000000000000006,1.0
2024-07-01 15:00:00.000000 UTC,3628.64,17,13,0.38106409012743075,0.45830393756338467
2024-07-01 16:00:00.000000 UTC,201.0,2,3,0.39,1.0
2024-07-01 17:00:00.000000 UTC,2769.27,5,6,0.39,1.0
2024-07-01 18:00:00.000000 UTC,835.91000000000008,8,8,0.39,1.0
2024-07-01 19:00:00.000000 UTC,2705.28,14,14,0.37304308611308257,-0.72363674000473144
2024-07-01 20:00:00.000000 UTC,1405.23,16,17,0.36025027931370668,-0.43488254591775011
2024-07-01 21:00:00.000000 UTC,5337.11,17,14,0.34183681805321608,-0.74221254574104711
2024-07-01 22:00:00.000000 UTC,496.25,4,6,0.33785874055415627,0.57174811083123434
2024-07-01 23:00:00.000000 UTC,1700.0,1,2,0.34,-1.0
2024-07-02 00:00:00.000000 UTC,579.96999999999991,9,9,0.34618290601238,-0.45724778867872484
2024-07-02 01:00:00.000000 UTC,1461.02,6,7,0.34255246334752432,-1.0
2024-07-02 02:00:00.000000 UTC,1056.92,10,11,0.35666616205578477,-0.20701661431328766
2024-07-02 03:00:00.000000 UTC,2629.19,13,15,0.34941365972029409,-0.75817647260182786
2024-07-02 04:00:00.000000 UTC,3748.3799999999997,9,9,0.38864997678997326,1.0
2024-07-02 05:00:00.000000 UTC,2600.46,10,8,0.38822665989863325,0.23791175407427914
2024-07-02 06:00:00.000000 UTC,7373.6900000000005,20,15,0.35235169908146396,-0.98966324865840571
2024-07-02 07:00:00.000000 UTC,113.99,4,6,0.35157908588472675,-0.84209141152732692
2024-07-02 08:00:00.000000 UTC,1283.14,6,8,0.37427529342082705,1.0
2024-07-02 09:00:00.000000 UTC,15.0,2,3,0.36,1.0
2024-07-02 10:00:00.000000 UTC,4.6,3,4,0.35999995652173916,1.0
2024-07-02 11:00:00.000000 UTC,620.06,13,13,0.35333709624875009,0.33370964100248368
2024-07-02 12:00:00.000000 UTC,18.04,2,3,0.36,-1.0
2024-07-02 13:00:00.000000 UTC,869.25,6,6,0.35414150129421912,-0.83894161633592179
2024-07-02 14:00:00.000000 UTC,44.44,3,5,0.35684968496849684,0.36993699369937
2024-07-02 15:00:00.000000 UTC,3613.7,14,13,0.37673453795279083,0.4390569222680355
2024-07-02 16:00:00.000000 UTC,7468.91,21,18,0.36993000317315378,-0.67805208524403171
2024-07-02 17:00:00.000000 UTC,22331.420000000006,27,22,0.40021496169970361,0.87212994068447047
2024-07-02 18:00:00.000000 UTC,1405.1399999999999,8,11,0.40000000000000008,0.77546721323142176
2024-07-02 19:00:00.000000 UTC,7263.7599999999993,40,38,0.50164858145092894,0.94046609469475873
2024-07-02 20:00:00.000000 UTC,4661.68,33,21,0.45218073741655374,-0.021288462528530342
2024-07-02 21:00:00.000000 UTC,8066.91,19,19,0.4778127808119837,0.68267899356754946
2024-07-02 22:00:00.000000 UTC,10468.68,17,16,0.49390157116274452,-0.36324350347894846
2024-07-02 23:00:00.000000 UTC,4634.8,9,11,0.45129964615517387,-1.0
2024-07-03 00:00:00.000000 UTC,547.37,5,7,0.45180536017684569,-0.65646637557776277
2024-07-03 01:00:00.000000 UTC,3394.24,12,15,0.4807043992174978,-0.30066819081738477
2024-07-03 02:00:00.000000 UTC,9462.630000000001,30,22,0.53898854758138059,0.9780187960429606
2024-07-03 03:00:00.000000 UTC,14169.29,16,17,0.57098295680305788,0.81670641224789675
2024-07-03 04:00:00.000000 UTC,7884.48,22,22,0.61580348989407063,0.96684879662323964
2024-07-03 05:00:00.000000 UTC,8307.14,22,17,0.62057153244076779,0.63573744995269132
2024-07-03 06:00:00.000000 UTC,907.24,13,14,0.603490145937128,-0.58489484590626528
2024-07-03 07:00:00.000000 UTC,2853.25,15,15,0.61110148076754578,0.15908525365810913
2024-07-03 08:00:00.000000 UTC,58.399999999999991,7,7,0.61171575342465767,1.0
2024-07-03 09:00:00.000000 UTC,2664.83,26,18,0.53461860606492717,-0.98836698776282161
2024-07-03 10:00:00.000000 UTC,7404.0900000000011,26,10,0.44078756471085562,-0.97622395189685685
2024-07-03 11:00:00.000000 UTC,5527.84,13,13,0.58243898159136309,0.705505224463805
2024-07-03 12:00:00.000000 UTC,6065.71,16,14,0.60683975989620342,0.76208885686918759
2024-07-03 13:00:00.000000 UTC,713.99000000000012,9,9,0.5951821454081988,-0.83193041919354616
2024-07-03 14:00:00.000000 UTC,31709.5,20,24,0.6915757738217253,0.96558633847900466
2024-07-03 15:00:00.000000 UTC,21491.500000000004,27,33,0.76625531954493631,0.72011353325733418
2024-07-03 16:00:00.000000 UTC,6778.0900000000011,29,28,0.75513708139018509,-0.25401993777007992
2024-07-03 17:00:00.000000 UTC,5218.3599999999988,28,29,0.71526780444430837,-0.12422676856330322
2024-07-03 18:00:00.000000 UTC,40764.770000000004,51,40,0.60127449510937991,-0.10777467896911973
2024-07-03 19:00:00.000000 UTC,11355.25,24,26,0.66853159551749186,0.033740340371194028
2024-07-03 20:00:00.000000 UTC,3800.08,15,15,0.63191459127176286,0.04840950716827009
2024-07-03 21:00:00.000000 UTC,3408.9100000000008,30,26,0.62818619441405021,0.63723888281004781
2024-07-03 22:00:00.000000 UTC,8946.1699999999983,16,16,0.6204562958226818,-0.9087408354636678
2024-07-03 23:00:00.000000 UTC,10662.3,17,20,0.643446179529745,0.8224360597619651
2024-07-04 00:00:00.000000 UTC,3116.11,6,9,0.621670704821075,-0.86918947020483872
2024-07-04 01:00:00.000000 UTC,6058.47,16,18,0.63572436605281546,-0.22203460609691877
2024-07-04 02:00:00.000000 UTC,4394.6900000000005,9,10,0.62057341928554677,-1.0
2024-07-04 03:00:00.000000 UTC,4483.41,8,9,0.62376603968854061,-0.33504631519312311
2024-07-04 04:00:00.000000 UTC,0.0,0,0,,
2024-07-04 05:00:00.000000 UTC,1091.6499999999999,4,6,0.62128117986534148,-1.0
2024-07-04 06:00:00.000000 UTC,1716.97,8,11,0.61922322463409385,-0.996249206450899
2024-07-04 07:00:00.000000 UTC,1773.0899999999997,12,15,0.6110474933590514,-1.0
2024-07-04 08:00:00.000000 UTC,954.78,6,8,0.61365696809736281,-1.0
2024-07-04 09:00:00.000000 UTC,1410.38,5,7,0.62,0.78020108055984916
2024-07-04 10:00:00.000000 UTC,5526.75,19,16,0.61075959650789324,-0.84808069842131439
2024-07-04 11:00:00.000000 UTC,7536.37,12,14,0.61908912380894243,0.81782476178850028
2024-07-04 12:00:00.000000 UTC,8515.82,17,15,0.60806374488892434,-1.0
2024-07-04 13:00:00.000000 UTC,163.63,5,7,0.58659658986738372,-1.0
2024-07-04 14:00:00.000000 UTC,276.23,4,5,0.59916627448141035,0.83325489628208371
2024-07-04 15:00:00.000000 UTC,372.27,5,7,0.62557579176404232,0.038386117602815219
2024-07-04 16:00:00.000000 UTC,409.57000000000005,5,7,0.61240422882535339,-0.957369924555021
2024-07-04 17:00:00.000000 UTC,14006.56,14,13,0.61924683862418772,-1.0
2024-07-04 18:00:00.000000 UTC,1356.49,6,8,0.63000000000000012,-0.061710738744848864
2024-07-04 19:00:00.000000 UTC,5930.51,10,12,0.63179215615520412,-0.89221163104016354
2024-07-04 20:00:00.000000 UTC,456.69,4,7,0.68702204996824978,-0.2446079397403052
2024-07-04 21:00:00.000000 UTC,3291.3200000000006,12,10,0.65716940315739569,-1.0
2024-07-04 22:00:00.000000 UTC,409.32,7,10,0.674220170038112,0.37936089123424221
2024-07-04 23:00:00.000000 UTC,1478.07,15,17,0.6758385597434492,-0.643061560007307
2024-07-05 00:00:00.000000 UTC,9379.659999999998,33,11,0.67255721422738157,-1.0
2024-07-05 01:00:00.000000 UTC,5503.18,19,16,0.6570628618362474,-0.94352356274008842
2024-07-05 02:00:00.000000 UTC,531.38,12,12,0.66378410930031229,-0.52124656554631354
2024-07-05 03:00:00.000000 UTC,5349.61,10,14,0.66063096188320281,-0.87380762335945983
2024-07-05 04:00:00.000000 UTC,207.87,6,7,0.66000000000000014,-1.0
2024-07-05 05:00:00.000000 UTC,31026.809999999998,13,14,0.64020260864716683,-0.98834814149440442
2024-07-05 06:00:00.000000 UTC,660.44,2,3,0.64999999999999991,-1.0
2024-07-05 07:00:00.000000 UTC,119.55,3,4,0.65,-1.0
2024-07-05 08:00:00.000000 UTC,1792.7000000000003,14,15,0.65000000000000013,-1.0
2024-07-05 09:00:00.000000 UTC,369.14,9,10,0.64,-1.0
2024-07-05 10:00:00.000000 UTC,908.70999999999981,27,26,0.63150829197433722,-1.0
2024-07-05 11:00:00.000000 UTC,5204.96,13,14,0.6545242998985582,0.26413651593864318
2024-07-05 12:00:00.000000 UTC,1579.07,15,13,0.65217761087222226,-0.56447782555554848
2024-07-05 13:00:00.000000 UTC,1796.64,8,8,0.6499999999999998,-1.0
2024-07-05 14:00:00.000000 UTC,1765.21,9,8,0.65,-1.0
2024-07-05 15:00:00.000000 UTC,5152.4800000000005,6,7,0.63979400211160442,-1.0
2024-07-05 16:00:00.000000 UTC,506.19999999999993,5,9,0.62910628210193609,-1.0
2024-07-05 17:00:00.000000 UTC,7198.09,6,7,0.630601881888112,-1.0
2024-07-05 18:00:00.000000 UTC,3468.23,9,7,0.63749661931302148,-0.25033806869786607
2024-07-05 19:00:00.000000 UTC,7816.65,14,16,0.61969159422514764,-1.0
2024-07-05 20:00:00.000000 UTC,1001.62,9,10,0.595977716099918,-0.35636269243825003
2024-07-05 21:00:00.000000 UTC,11780.650000000001,21,21,0.57808761825535937,-0.95388709451515841
2024-07-05 22:00:00.000000 UTC,2505.8999999999996,15,12,0.55682561155672627,0.6763079133245542
2024-07-05 23:00:00.000000 UTC,856.04000000000008,15,15,0.61010233197046859,0.41140600906499691
2024-07-06 00:00:00.000000 UTC,1598.7099999999998,20,20,0.64279794334181939,0.0982354523334439
2024-07-06 01:00:00.000000 UTC,3457.8300000000004,17,16,0.63961287859727056,-0.51953681933466944
2024-07-06 02:00:00.000000 UTC,4711.26,4,6,0.64953301240007977,-0.04600892330289566
2024-07-06 03:00:00.000000 UTC,146.74,3,4,0.65999999999999992,1.0
2024-07-06 04:00:00.000000 UTC,0.0,0,0,,
2024-07-06 05:00:00.000000 UTC,0.0,0,0,,
2024-07-06 06:00:00.000000 UTC,650.0,1,2,0.65,1.0
2024-07-06 07:00:00.000000 UTC,10.0,3,4,0.65,1.0
2024-07-06 08:00:00.000000 UTC,65.0,1,2,0.65,1.0
2024-07-06 09:00:00.000000 UTC,2732.81,5,6,0.64,-1.0
2024-07-06 10:00:00.000000 UTC,0.0,0,0,,
2024-07-06 11:00:00.000000 UTC,8405.9700000000012,7,7,0.62749467342852749,-1.0
2024-07-06 12:00:00.000000 UTC,171.32,2,3,0.62,-1.0
2024-07-06 13:00:00.000000 UTC,6095.79,16,17,0.62000000000000011,-1.0
2024-07-06 14:00:00.000000 UTC,1065.1,4,5,0.62,-1.0
2024-07-06 15:00:00.000000 UTC,3439.66,6,7,0.62000000000000011,-1.0
2024-07-06 16:00:00.000000 UTC,722.8,3,3,0.6100000000000001,-1.0
2024-07-06 17:00:00.000000 UTC,47.5,4,5,0.61,-1.0
2024-07-06 18:00:00.000000 UTC,3815.4500000000003,8,9,0.60988502011558265,-1.0
2024-07-06 19:00:00.000000 UTC,30.85,4,6,0.60217504051863857,-0.56499189627228519
2024-07-06 20:00:00.000000 UTC,68.89,1,2,0.62,1.0
2024-07-06 21:00:00.000000 UTC,75.22,6,7,0.60000000000000009,-1.0
2024-07-06 22:00:00.000000 UTC,107.71,2,3,0.61,1.0
2024-07-06 23:00:00.000000 UTC,8541.159999999998,21,18,0.5851389389731606,-0.99522313128427553
2024-07-07 00:00:00.000000 UTC,433.64,6,9,0.57612074531869761,0.074716354579835761
2024-07-07 01:00:00.000000 UTC,327.20000000000005,4,5,0.59,1.0
2024-07-07 02:00:00.000000 UTC,10195.78,14,12,0.61235434660222177,0.394610319171265
2024-07-07 03:00:00.000000 UTC,1654.74,8,7,0.58160442123838185,-1.0
2024-07-07 04:00:00.000000 UTC,828.5,3,4,0.58,-1.0
2024-07-07 05:00:00.000000 UTC,0.01,1,2,0.58,-1.0
2024-07-07 06:00:00.000000 UTC,567.42,3,4,0.58,-1.0
2024-07-07 07:00:00.000000 UTC,1553.95,6,6,0.58,-1.0
2024-07-07 08:00:00.000000 UTC,663.35,6,8,0.57444712444410939,-0.55528755558905551
2024-07-07 09:00:00.000000 UTC,6771.3200000000015,33,21,0.54583586361300285,-0.861285539599369
2024-07-07 10:00:00.000000 UTC,268.83,9,6,0.530098947290109,-0.97991295614328766
2024-07-07 11:00:00.000000 UTC,1060.53,2,3,0.53,-1.0
2024-07-07 12:00:00.000000 UTC,3670.4600000000005,13,8,0.53311775624036217,-0.16308037684649876
2024-07-07 13:00:00.000000 UTC,22.36,1,2,0.52,-1.0
2024-07-07 14:00:00.000000 UTC,2217.2599999999998,10,8,0.51388438884028032,-0.87627973264299186
2024-07-07 15:00:00.000000 UTC,136.97,3,5,0.53019712345769143,-0.96057530846170713
2024-07-07 16:00:00.000000 UTC,3582.3899999999994,7,8,0.53000753686784541,-0.99849262643095815
2024-07-07 17:00:00.000000 UTC,5509.35,10,10,0.53020093114432743,-0.95981377113452593
2024-07-07 18:00:00.000000 UTC,106.28,2,4,0.52042905532555517,-0.95709446744448623
2024-07-07 19:00:00.000000 UTC,508.96999999999997,2,4,0.53005304831326017,-0.98939033734797732
2024-07-07 20:00:00.000000 UTC,1789.92,5,8,0.5393674577634755,0.87349155269509249
2024-07-07 21:00:00.000000 UTC,630.36,3,4,0.54999999999999993,1.0
2024-07-07 22:00:00.000000 UTC,5858.35,9,9,0.54978179862930687,0.95635972586137741
2024-07-07 23:00:00.000000 UTC,483.92,2,4,0.56977268970077688,-0.97726897007769875
2024-07-08 00:00:00.000000 UTC,1494.08,2,4,0.56,-0.12443778110944526
2024-07-08 01:00:00.000000 UTC,112.0,6,8,0.58971428571428575,-0.1714285714285714
2024-07-08 02:00:00.000000 UTC,3812.1400000000003,6,9,0.5999907138772449,-1.0
2024-07-08 03:00:00.000000 UTC,2.36,1,2,0.59,-1.0
2024-07-08 04:00:00.000000 UTC,776.36999999999978,19,22,0.59706596081765151,0.69602122699228453
2024-07-08 05:00:00.000000 UTC,13.55,1,2,0.6,1.0
2024-07-08 06:00:00.000000 UTC,6544.5599999999995,26,24,0.57909425538156878,-0.94601623332966622
2024-07-08 07:00:00.000000 UTC,2111.59,11,13,0.58022144450390467,0.86946329543140477
2024-07-08 08:00:00.000000 UTC,629.53,16,18,0.57343653182533,-0.31269359681031883
2024-07-08 09:00:00.000000 UTC,2382.1099999999997,32,25,0.58670136974363074,-0.045719970950124089
2024-07-08 10:00:00.000000 UTC,3774.4800000000005,10,12,0.596954812318518,0.69548123185180466
2024-07-08 11:00:00.000000 UTC,232.0,1,2,0.58,-1.0
2024-07-08 12:00:00.000000 UTC,978.45999999999992,4,5,0.58,-1.0
2024-07-08 13:00:00.000000 UTC,27309.670000000002,28,26,0.56687009033796443,-0.98303824249798688
2024-07-08 14:00:00.000000 UTC,10533.9,25,25,0.52155262533344737,-0.99647613894189246
2024-07-08 15:00:00.000000 UTC,4601.02,23,16,0.45924477615833009,-0.8082033983768816
2024-07-08 16:00:00.000000 UTC,1171.0,10,11,0.44995730145175061,-0.91972672929120414
2024-07-08 17:00:00.000000 UTC,2438.1699999999996,14,16,0.43127895101654112,-0.42331338667935392
2024-07-08 18:00:00.000000 UTC,420.11,2,3,0.43,-1.0
2024-07-08 19:00:00.000000 UTC,1277.13,6,8,0.42463038218505555,-0.84703201710084319
2024-07-08 20:00:00.000000 UTC,8276.68,24,23,0.44286312869411404,-0.15788939526476797
2024-07-08 21:00:00.000000 UTC,4717.4900000000007,30,25,0.45855164504853213,-0.0727696296123574
2024-07-08 22:00:00.000000 UTC,9059.8499999999985,24,21,0.44282919695138451,-0.9546879915230384
2024-07-08 23:00:00.000000 UTC,21788.35,73,42,0.38293599561233421,-0.68081658317403559
2024-07-09 00:00:00.000000 UTC,1511.55,20,19,0.3636023287354041,-0.37965664384241349
2024-07-09 01:00:00.000000 UTC,7556.33,37,20,0.34814600474039653,-0.84554406702724749
2024-07-09 02:00:00.000000 UTC,13116.760000000002,32,22,0.33411297454554317,-0.90046627368344
2024-07-09 03:00:00.000000 UTC,46012.240000000005,86,37,0.48971688837578869,-0.23162836671285728
2024-07-09 04:00:00.000000 UTC,2489.7200000000003,13,13,0.38140505759683813,-0.99839339363462554
2024-07-09 05:00:00.000000 UTC,2287.36,13,14,0.35993809457190823,-0.87377588136541684
2024-07-09 06:00:00.000000 UTC,9867.57,25,21,0.33308522767003429,-0.86668450287152765
2024-07-09 07:00:00.000000 UTC,444.67999999999995,5,6,0.36012323468561669,0.97535306287667545
2024-07-09 08:00:00.000000 UTC,355.93,10,10,0.35600876576855,-0.73865647739724094
2024-07-09 09:00:00.000000 UTC,159.29,5,7,0.37535438508380942,0.0708770167618808
2024-07-09 10:00:00.000000 UTC,74.0,2,3,0.37,1.0
2024-07-09 11:00:00.000000 UTC,6773.1799999999994,10,11,0.38391446853619726,1.0
2024-07-09 12:00:00.000000 UTC,119.34,4,5,0.39,-1.0
2024-07-09 13:00:00.000000 UTC,96.72,3,3,0.39000000000000007,-1.0
2024-07-09 14:00:00.000000 UTC,3993.2699999999995,5,8,0.41834689364856376,0.58725555747545244
2024-07-09 15:00:00.000000 UTC,891.04,4,6,0.42057281379062672,-0.88543724187466344
2024-07-09 16:00:00.000000 UTC,4623.7000000000007,9,10,0.41635571079438538,-0.15167939096394648
2024-07-09 17:00:00.000000 UTC,3635.79,11,10,0.413872198339288,-0.73384051334097955
2024-07-09 18:00:00.000000 UTC,2147.93,7,7,0.42000000000000004,1.0
2024-07-09 19:00:00.000000 UTC,0.0,0,0,,
2024-07-09 20:00:00.000000 UTC,5612.5700000000006,14,15,0.43015679091752973,-0.96864181649404824
2024-07-09 21:00:00.000000 UTC,957.35,6,8,0.42006800020890994,-0.98639995821799764
2024-07-09 22:00:00.000000 UTC,846.36,4,4,0.41999999999999993,-1.0
2024-07-09 23:00:00.000000 UTC,516.18000000000006,2,3,0.42999999999999988,-1.0
2024-07-10 00:00:00.000000 UTC,2153.49,6,7,0.43000000000000005,-1.0
2024-07-10 01:00:00.000000 UTC,867.79,4,6,0.43040943085308658,-1.0
2024-07-10 02:00:00.000000 UTC,10822.560000000003,24,17,0.44513215911946885,-0.54280687748554868
2024-07-10 03:00:00.000000 UTC,0.0,0,0,,
2024-07-10 04:00:00.000000 UTC,1665.6100000000001,9,9,0.43108068515438791,-1.0
2024-07-10 05:00:00.000000 UTC,1002.6000000000001,4,4,0.44999999999999996,1.0
2024-07-10 06:00:00.000000 UTC,448.54,9,12,0.44307731751906176,-0.95986979979489007
2024-07-10 07:00:00.000000 UTC,220.75,6,11,0.44890600226500565,-0.18278595696489244
2024-07-10 08:00:00.000000 UTC,199.2,5,6,0.44,-1.0
2024-07-10 09:00:00.000000 UTC,0.0,0,0,,
2024-07-10 10:00:00.000000 UTC,141.25,4,7,0.46014867256637176,0.76353982300884959
2024-07-10 11:00:00.000000 UTC,2081.0600000000004,34,33,0.43724630717038426,-1.0
2024-07-10 12:00:00.000000 UTC,218.13000000000002,4,6,0.43911291431715033,-1.0
2024-07-10 13:00:00.000000 UTC,12451.08,8,10,0.50007528664180134,0.83609614587650227
2024-07-10 14:00:00.000000 UTC,11744.710000000001,10,11,0.529425273165536,-0.76898365306593341
2024-07-10 15:00:00.000000 UTC,7908.9800000000005,11,10,0.52012503508669883,-1.0
2024-07-10 16:00:00.000000 UTC,580.71,4,7,0.54349021025985422,-0.96400957448640445
2024-07-10 17:00:00.000000 UTC,1070.73,6,8,0.56106469418060578,-0.78706116387884906
2024-07-10 18:00:00.000000 UTC,1291.7199999999998,7,8,0.55000000000000016,-1.0
2024-07-10 19:00:00.000000 UTC,646.58,4,5,0.54736861641250889,-1.0
2024-07-10 20:00:00.000000 UTC,44.39,3,5,0.53528722685289487,-1.0
2024-07-10 21:00:00.000000 UTC,84.52,2,3,0.54,-1.0
2024-07-10 22:00:00.000000 UTC,5021.45,4,6,0.60956737595714383,0.98986348564657622
2024-07-10 23:00:00.000000 UTC,3450.19,11,16,0.60967691634373766,0.36757106130387007
2024-07-11 00:00:00.000000 UTC,398.86,10,11,0.58142355713784277,-1.0
2024-07-11 01:00:00.000000 UTC,3760.78,24,23,0.55075048261264958,-0.887996638995102
2024-07-11 02:00:00.000000 UTC,15274.08,22,22,0.570014036851974,1.0
2024-07-11 03:00:00.000000 UTC,570.57999999999993,17,19,0.57878194118265636,0.0930281467979951
2024-07-11 04:00:00.000000 UTC,1464.15,5,8,0.57984427825017915,-0.69810470238705058
2024-07-11 05:00:00.000000 UTC,9433.0600000000013,4,6,0.60999999999999988,-0.82413766052585258
2024-07-11 06:00:00.000000 UTC,1562.8799999999999,10,12,0.58450770372645366,-0.99173321048321061
2024-07-11 07:00:00.000000 UTC,1484.81,25,25,0.56349101905294274,-0.48181922266148536
2024-07-11 08:00:00.000000 UTC,501.5,2,4,0.57284566301096718,1.0
2024-07-11 09:00:00.000000 UTC,0.0,0,0,,
2024-07-11 10:00:00.000000 UTC,1163.9199999999998,26,26,0.584616812152038,0.80067358581345793
2024-07-11 11:00:00.000000 UTC,414.12,8,9,0.59,1.0
2024-07-11 12:00:00.000000 UTC,26.0,1,2,0.59,1.0
2024-07-11 13:00:00.000000 UTC,34381.61,13,13,0.59907261759993191,0.65619411074699541
2024-07-11 14:00:00.000000 UTC,390.27,6,7,0.59400799446537023,-1.0
2024-07-11 15:00:00.000000 UTC,3560.64,9,7,0.56783769210029666,-0.8377314190707289
2024-07-11 16:00:00.000000 UTC,20487.489999999998,19,21,0.63384745032212342,0.80972486136661936
2024-07-11 17:00:00.000000 UTC,6194.73,26,26,0.67417222380959307,0.082116573280837116
2024-07-11 18:00:00.000000 UTC,7755.79,13,13,0.61965651468128979,0.79777688668723634
2024-07-11 19:00:00.000000 UTC,1262.75,5,8,0.61119532765788953,-0.17622648980399919
2024-07-11 20:00:00.000000 UTC,2737.6,9,13,0.64318417592051436,0.33394213909994158
2024-07-11 21:00:00.000000 UTC,4169.01,20,21,0.64441594047507667,0.45877798326221331
2024-07-11 22:00:00.000000 UTC,6599.8399999999992,11,13,0.7252221569007733,0.95382615336129362
2024-07-11 23:00:00.000000 UTC,6896.9499999999989,36,36,0.65433932390404448,-0.70005582177629222
2024-07-12 00:00:00.000000 UTC,7666.3599999999988,43,46,0.63076531749096043,-0.72752910116404645
2024-07-12 01:00:00.000000 UTC,20618.059999999998,62,61,0.60817943104249383,-0.955520548490013
2024-07-12 02:00:00.000000 UTC,4433.05,15,16,0.59438463360440319,-1.0
2024-07-12 03:00:00.000000 UTC,2106.63,5,9,0.59400079748223455,-0.81705377783474076
2024-07-12 04:00:00.000000 UTC,3133.2,2,3,0.60000000000000009,-1.0
2024-07-12 05:00:00.000000 UTC,19.02,1,2,0.6,1.0
2024-07-12 06:00:00.000000 UTC,319.78,7,9,0.60000000000000009,1.0
2024-07-12 07:00:00.000000 UTC,24728.750000000004,76,77,0.59841289187686386,0.83651741394126267
2024-07-12 08:00:00.000000 UTC,0.0,0,0,,
2024-07-12 09:00:00.000000 UTC,0.0,0,0,,
2024-07-12 10:00:00.000000 UTC,0.0,0,0,,
2024-07-12 11:00:00.000000 UTC,3721.4,4,5,0.57999999999999985,-1.0
2024-07-12 12:00:00.000000 UTC,6694.5699999999988,9,12,0.57786957190678423,-0.91539411791944814
2024-07-12 13:00:00.000000 UTC,876.16,7,8,0.58000000034240329,-1.0
2024-07-12 14:00:00.000000 UTC,1929.3,3,4,0.59000000000000008,1.0
2024-07-12 15:00:00.000000 UTC,13918.54,19,18,0.57298629022871639,-0.66810312001115058
2024-07-12 16:00:00.000000 UTC,1030.6599999999999,2,2,0.58000000000000007,-1.0
2024-07-12 17:00:00.000000 UTC,3529.6199999999994,6,8,0.59584465183220869,0.83567636176132287
2024-07-12 18:00:00.000000 UTC,106.76,1,2,0.59,-1.0
2024-07-12 19:00:00.000000 UTC,6291.8600000000006,15,16,0.56875601173579837,-0.42381426160149782
2024-07-12 20:00:00.000000 UTC,5563.68,8,8,0.56975915221579954,0.95183044315992293
2024-07-12 21:00:00.000000 UTC,1483.6200000000001,5,5,0.56,-1.0
2024-07-12 22:00:00.000000 UTC,2234.84,5,6,0.57996174222763142,0.97937212507383065
2024-07-12 23:00:00.000000 UTC,50368.209999999992,46,29,0.5086852242714206,-0.0347999263821367
2024-07-13 00:00:00.000000 UTC,1980.73,12,9,0.50513118900607346,-0.49404512477722867
2024-07-13 01:00:00.000000 UTC,6919.81,10,11,0.49874833268543489,-0.993988274244524
2024-07-13 02:00:00.000000 UTC,98.98,5,6,0.51547585370781979,0.54758537078197611
2024-07-13 03:00:00.000000 UTC,1132.54,2,3,0.52000000000000013,1.0
2024-07-13 04:00:00.000000 UTC,0.0,0,0,,
2024-07-13 05:00:00.000000 UTC,0.0,0,0,,
2024-07-13 06:00:00.000000 UTC,181.44,3,6,0.49616512345679015,-1.0
2024-07-13 07:00:00.000000 UTC,155.5,2,4,0.51836012861736336,0.67202572347266876
2024-07-13 08:00:00.000000 UTC,6096.46,3,5,0.52983301784970294,-0.965225721156212
2024-07-13 09:00:00.000000 UTC,678.84,2,4,0.5099999999999999,-1.0
2024-07-13 10:00:00.000000 UTC,2.0,2,3,0.5,-1.0
2024-07-13 11:00:00.000000 UTC,288.64,5,6,0.5,-1.0
2024-07-13 12:00:00.000000 UTC,0.0,0,0,,
2024-07-13 13:00:00.000000 UTC,5803.64,7,9,0.497753754540254,-1.0
2024-07-13 14:00:00.000000 UTC,1844.67,6,9,0.49891037421327394,0.58656019775894863
2024-07-13 15:00:00.000000 UTC,1343.43,9,11,0.49,-1.0
2024-07-13 16:00:00.000000 UTC,100.10999999999999,3,4,0.49,-1.0
2024-07-13 17:00:00.000000 UTC,3921.6800000000003,9,10,0.47497638767059008,-0.99664939515717743
2024-07-13 18:00:00.000000 UTC,0.0,0,0,,
2024-07-13 19:00:00.000000 UTC,1151.4099999999999,7,9,0.44993833647440967,-1.0
2024-07-13 20:00:00.000000 UTC,1738.66,12,12,0.438788147193816,-0.8962419334429963
2024-07-13 21:00:00.000000 UTC,466.69,6,6,0.42820008999550024,-1.0
2024-07-13 22:00:00.000000 UTC,550.15,8,10,0.41531527765154963,-0.62879214759611013
2024-07-13 23:00:00.000000 UTC,5299.37,7,9,0.43001887016758594,0.94207613357814235
2024-07-14 00:00:00.000000 UTC,1411.14,12,9,0.44115396062757772,-0.65711410632538225
2024-07-14 01:00:00.000000 UTC,758.73,8,11,0.46217481844661473,0.93515479814953928
2024-07-14 02:00:00.000000 UTC,1491.2,11,11,0.46397217006437769,-0.331638948497854
2024-07-14 03:00:00.000000 UTC,1541.1800000000003,6,8,0.47312500811066838,0.98341530515578957
2024-07-14 04:00:00.000000 UTC,4336.05,18,16,0.43642564084823743,-0.82758962650338441
2024-07-14 05:00:00.000000 UTC,3658.43,10,10,0.42390241169026066,-0.903783863569892
2024-07-14 06:00:00.000000 UTC,687.55000000000007,7,9,0.41147974692749612,-0.49594938549923639
2024-07-14 07:00:00.000000 UTC,485.66,8,10,0.41749907305522377,-0.25009265741465225
2024-07-14 08:00:00.000000 UTC,1835.6200000000001,11,11,0.41060088689380142,-0.939911310619845
2024-07-14 09:00:00.000000 UTC,8546.43,22,21,0.47426817981309149,0.93114785939860256
2024-07-14 10:00:00.000000 UTC,373.78000000000003,6,8,0.42583043501524959,0.38075873508480917
2024-07-14 11:00:00.000000 UTC,68.32,2,4,0.43989022248243564,-1.0
2024-07-14 12:00:00.000000 UTC,698.28,7,9,0.4300716045139486,-0.98567909721028812
2024-07-14 13:00:00.000000 UTC,2859.3199999999997,12,12,0.42919603262314115,-1.0
2024-07-14 14:00:00.000000 UTC,3268.2799999999997,12,15,0.41199214877550272,-0.94859681545032859
2024-07-14 15:00:00.000000 UTC,5103.31,17,17,0.41456035396634733,-0.61503416410133815
2024-07-14 16:00:00.000000 UTC,2553.13,13,15,0.37920920595504343,-0.92949830208410855
2024-07-14 17:00:00.000000 UTC,246.7,6,8,0.37150790433725173,-0.99189298743413057
2024-07-14 18:00:00.000000 UTC,1757.8899999999999,11,12,0.379671424264317,-0.457747640637355
2024-07-14 19:00:00.000000 UTC,1757.2800000000002,7,6,0.38175794409542013,0.91577893107529817
2024-07-14 20:00:00.000000 UTC,1225.27,9,10,0.36330090510662955,-0.94099259754992759
2024-07-14 21:00:00.000000 UTC,724.68,7,6,0.36900645802285142,0.2198487608323674
2024-07-14 22:00:00.000000 UTC,363.6,3,3,0.36000000000000004,-1.0
2024-07-14 23:00:00.000000 UTC,4059.87,18,16,0.34850581422557875,-0.604913457820078
2024-07-15 00:00:00.000000 UTC,12373.04,31,28,0.30974635174540771,-0.51357144242643682
2024-07-15 01:00:00.000000 UTC,9867.35,8,8,0.32993513962715421,0.98702792543084006
2024-07-15 02:00:00.000000 UTC,122.54,3,5,0.3294254937163375,0.88509874326750437
2024-07-15 03:00:00.000000 UTC,5015.92,15,15,0.34411663266160541,-0.17667347166621483
2024-07-15 04:00:00.000000 UTC,552.41000000000008,10,11,0.35554551890805736,-0.8299451494361072
2024-07-15 05:00:00.000000 UTC,1711.94,5,6,0.37845894131803681,0.86688785821933
2024-07-15 06:00:00.000000 UTC,231.65999999999997,10,11,0.35699085038418382,-0.36113269446602769
2024-07-15 07:00:00.000000 UTC,372.68,7,9,0.35885236664162273,-0.98014382311902981
2024-07-15 08:00:00.000000 UTC,743.7,15,12,0.37080032271077046,0.46602124512572252
2024-07-15 09:00:00.000000 UTC,23.28,8,10,0.38806701030927832,0.87113402061855671
2024-07-15 10:00:00.000000 UTC,0.0,0,0,,
2024-07-15 11:00:00.000000 UTC,140.69,8,10,0.36437060203283816,-0.28623214158788829
2024-07-15 12:00:00.000000 UTC,644.52,6,8,0.36843604542915659,-1.0
2024-07-15 13:00:00.000000 UTC,116.21000000000001,5,7,0.35769985371310553,-1.0
2024-07-15 14:00:00.000000 UTC,2688.23,21,24,0.3460489243851903,-0.98958422456411843
2024-07-15 15:00:00.000000 UTC,261.63,9,13,0.3256304705117915,-0.38539158353399844
2024-07-15 16:00:00.000000 UTC,166.62,9,10,0.37708318209098551,-0.291681670867843
2024-07-15 17:00:00.000000 UTC,734.22,12,14,0.375475198169486,0.24213451009234285
2024-07-15 18:00:00.000000 UTC,7597.6,5,6,0.36000681794250811,0.99863641149836779
2024-07-15 19:00:00.000000 UTC,3002.22,12,13,0.37075943801586841,-0.95070314633837627
2024-07-15 20:00:00.000000 UTC,291.0,6,8,0.36508591065292095,0.017182130584192341
2024-07-15 21:00:00.000000 UTC,2776.6499999999996,14,16,0.35992267660670235,-0.99482109736553048
2024-07-15 22:00:00.000000 UTC,2084.56,9,11,0.35727520435967308,-0.74287139732125729
2024-07-15 23:00:00.000000 UTC,22.07,2,3,0.37,-1.0
2024-07-16 00:00:00.000000 UTC,738.29,10,11,0.35221864037166967,-1.0
2024-07-16 01:00:00.000000 UTC,67.990000000000009,4,5,0.33999999999999997,-1.0
2024-07-16 02:00:00.000000 UTC,2407.94,22,21,0.33354834422784618,-1.0
2024-07-16 03:00:00.000000 UTC,40.559999999999995,3,4,0.33000000000000007,-1.0
2024-07-16 04:00:00.000000 UTC,154.33,14,16,0.33700187909026119,0.40037581805222572
2024-07-16 05:00:00.000000 UTC,465.46000000000004,21,24,0.33681240063593004,0.36248012718600958
2024-07-16 06:00:00.000000 UTC,87.9,3,4,0.34,1.0
2024-07-16 07:00:00.000000 UTC,238.24000000000004,22,24,0.33849983210208195,0.69996642041638668
2024-07-16 08:00:00.000000 UTC,202.04999999999998,7,7,0.34000000000000014,-1.0
2024-07-16 09:00:00.000000 UTC,2998.9400000000005,24,26,0.33354151800302767,-1.0
2024-07-16 10:00:00.000000 UTC,242.91000000000003,11,14,0.33222057552179818,-0.517928450866576
2024-07-16 11:00:00.000000 UTC,659.05,3,5,0.32978909035733256,-1.0
2024-07-16 12:00:00.000000 UTC,0.32,1,2,0.32,-1.0
2024-07-16 13:00:00.000000 UTC,797.6,6,7,0.32,-1.0
2024-07-16 14:00:00.000000 UTC,4762.1200000000008,7,10,0.32683187319933132,0.366374639866278
2024-07-16 15:00:00.000000 UTC,1506.33,11,13,0.33631495090717178,0.26299018143434705
2024-07-16 16:00:00.000000 UTC,2510.8099999999995,6,6,0.33000000000000007,-1.0
2024-07-16 17:00:00.000000 UTC,999.7,9,11,0.32,-0.28874662398719625
2024-07-16 18:00:00.000000 UTC,0.0,0,0,,
2024-07-16 19:00:00.000000 UTC,784.04000000000008,14,15,0.31922465690526,-0.0486964950767818
2024-07-16 20:00:00.000000 UTC,7324.5999999999995,21,19,0.30338074434098788,-0.97069054965458867
2024-07-16 21:00:00.000000 UTC,137.26,2,4,0.325337316042547,0.06746320850939827
2024-07-16 22:00:00.000000 UTC,141.29999999999998,5,5,0.32000000000000006,-1.0
2024-07-16 23:00:00.000000 UTC,114.75,4,5,0.32,-1.0
2024-07-17 00:00:00.000000 UTC,0.95,2,3,0.32000004210526323,-1.0
2024-07-17 01:00:00.000000 UTC,10593.089999999997,10,10,0.32000000000000006,-1.0
2024-07-17 02:00:00.000000 UTC,173.63,5,6,0.31,-1.0
2024-07-17 03:00:00.000000 UTC,2655.68,11,12,0.33784266176647793,0.94747108085311482
2024-07-17 04:00:00.000000 UTC,2975.0600000000004,3,4,0.33975375286548842,-1.0
2024-07-17 05:00:00.000000 UTC,199.0,3,5,0.33035175879396989,0.035175879396984924
2024-07-17 06:00:00.000000 UTC,1093.91,9,9,0.32771745381247086,-0.29522538417237254
2024-07-17 07:00:00.000000 UTC,167.66000000000003,8,9,0.33102528867947034,-0.79494214481689118
2024-07-17 08:00:00.000000 UTC,120.77000000000001,5,6,0.33,-1.0
2024-07-17 09:00:00.000000 UTC,301.45000000000005,6,7,0.33999999999999997,1.0
2024-07-17 10:00:00.000000 UTC,22.200000000000003,5,7,0.3402972972972973,1.0
2024-07-17 11:00:00.000000 UTC,0.0,0,0,,
2024-07-17 12:00:00.000000 UTC,965.19,8,10,0.35006475408986826,1.0
2024-07-17 13:00:00.000000 UTC,1834.41,9,10,0.34210487295642739,-0.61854765292382841
2024-07-17 14:00:00.000000 UTC,572.06,6,8,0.35088574625039337,-0.60381778135160658
2024-07-17 15:00:00.000000 UTC,1504.69,13,12,0.37959878779017603,0.42002671646651474
2024-07-17 16:00:00.000000 UTC,3999.5699999999997,19,19,0.3769442465064996,0.20562460464499932
2024-07-17 17:00:00.000000 UTC,20747.52,67,50,0.49008038551113581,-0.010626812264791145
2024-07-17 18:00:00.000000 UTC,22693.99,55,50,0.51763645352800458,-0.43936258013685547
2024-07-17 19:00:00.000000 UTC,9537.9999999999982,36,32,0.50084226252254138,-0.29242189138184105
2024-07-17 20:00:00.000000 UTC,15086.009999999998,23,23,0.49755487368760865,-0.30980424910231408
2024-07-17 21:00:00.000000 UTC,7048.4299999999994,35,31,0.53693948865208285,0.19677715462876127
2024-07-17 22:00:00.000000 UTC,51736.979999999974,95,81,0.63709174172903071,0.1334874977240651
2024-07-17 23:00:00.000000 UTC,2545.18,29,28,0.63261136736890922,-0.66212212888675848
2024-07-18 00:00:00.000000 UTC,24278.529999999995,38,39,0.6634470909070691,0.61420481388288328
2024-07-18 01:00:00.000000 UTC,19312.599999999995,27,24,0.63281436989323048,-0.17268726116628533
2024-07-18 02:00:00.000000 UTC,42190.030000000006,56,51,0.66750693705408592,0.50700769826425807
2024-07-18 03:00:00.000000 UTC,2428.82,15,17,0.61491827307087388,-0.9482629424988267
2024-07-18 04:00:00.000000 UTC,7179.5599999999995,19,18,0.662424090055658,-0.062424438266411787
2024-07-18 05:00:00.000000 UTC,5351.18,7,9,0.68201193007897332,0.824524684275244
2024-07-18 06:00:00.000000 UTC,3210.8200000000006,13,14,0.68863224970568271,0.65463028136114765
2024-07-18 07:00:00.000000 UTC,4695.49,14,14,0.63679756532332088,-0.99749972846284418
2024-07-18 08:00:00.000000 UTC,8480.15,20,16,0.62555253150003232,-0.76598998838463939
2024-07-18 09:00:00.000000 UTC,4140.3200000000006,20,19,0.63468043532867013,0.0038596050546817677
2024-07-18 10:00:00.000000 UTC,9296.63,22,20,0.6201714599806597,0.3296968901634249
2024-07-18 11:00:00.000000 UTC,5746.920000000001,14,17,0.63498947262185645,0.56547507186458124
2024-07-18 12:00:00.000000 UTC,860.07,23,22,0.65498168785098854,0.87954468822305154
2024-07-18 13:00:00.000000 UTC,6156.6900000000005,38,37,0.6544926900656034,0.22933589315037792
2024-07-18 14:00:00.000000 UTC,21069.780000000002,56,50,0.70917428183872822,0.12570990299851248
2024-07-18 15:00:00.000000 UTC,20685.71,48,43,0.77279143911424852,0.87260480786011207
2024-07-18 16:00:00.000000 UTC,39526.69,32,39,0.82917333831899387,0.84105575245486042
2024-07-18 17:00:00.000000 UTC,45996.85,52,50,0.7972827356655946,-0.15435557000098918
2024-07-18 18:00:00.000000 UTC,9991.58,34,26,0.76980512591602157,-0.50072761264985111
2024-07-18 19:00:00.000000 UTC,19784.05,49,36,0.72182373682688861,-0.93001331880984939
2024-07-18 20:00:00.000000 UTC,3659.04,13,18,0.73621343303161468,-0.71823210459574094
2024-07-18 21:00:00.000000 UTC,28341.91,58,53,0.79074745844581451,0.32095896148142455
2024-07-18 22:00:00.000000 UTC,35461.34,88,66,0.8939024470206145,0.68161101639137167
2024-07-18 23:00:00.000000 UTC,40784.869999999995,58,62,0.88695369876132957,-0.60551792858479125
2024-07-19 00:00:00.000000 UTC,24225.449999999997,44,44,0.87016776571745846,0.16797830380859802
2024-07-19 01:00:00.000000 UTC,51126.23,47,39,0.86147936782528267,0.050229598388146411
2024-07-19 02:00:00.000000 UTC,18725.719999999998,50,45,0.8664690382644834,0.49974580416667574
2024-07-19 03:00:00.000000 UTC,24590.890000000003,29,26,0.86312412848823283,0.21015709476151528
2024-07-19 04:00:00.000000 UTC,24872.82,39,29,0.82940281396399751,-0.98078384356900428
2024-07-19 05:00:00.000000 UTC,7803.0899999999992,21,22,0.84083712990622961,-0.66074721680770043
2024-07-19 06:00:00.000000 UTC,20221.65,23,21,0.83631332260226043,-0.1311816790420168
2024-07-19 07:00:00.000000 UTC,3689.88,15,16,0.83187751363187934,0.80536494411742376
2024-07-19 08:00:00.000000 UTC,3167.2400000000007,12,13,0.82442795620161369,-1.0
2024-07-19 09:00:00.000000 UTC,5967.2,27,22,0.84099887719533439,0.31913460249363185
2024-07-19 10:00:00.000000 UTC,5603.72,13,14,0.82666503679698466,-0.76408528620273664
2024-07-19 11:00:00.000000 UTC,3231.2799999999997,12,15,0.84504134584437129,-0.78180782847664088
2024-07-19 12:00:00.000000 UTC,13202.05,23,26,0.83880265569741075,-0.39155661431368616
2024-07-19 13:00:00.000000 UTC,62524.060000000012,51,51,0.84076586675593357,0.09402588379577409
2024-07-19 14:00:00.000000 UTC,24344.040000000008,43,35,0.78722117199938835,-0.53356057581239613
2024-07-19 15:00:00.000000 UTC,34297.64,52,40,0.79416952886554315,-0.52883288762725356
2024-07-19 16:00:00.000000 UTC,17085.989999999998,37,37,0.75558584547924945,-0.654401061922663
2024-07-19 17:00:00.000000 UTC,12458.050000000001,37,41,0.70401159892599563,-0.33523785825229457
2024-07-19 18:00:00.000000 UTC,12743.31,19,22,0.7015055586029062,-0.87216978948169666
2024-07-19 19:00:00.000000 UTC,9104.369999999999,30,27,0.71946282931603167,-0.16858168110478819
2024-07-19 20:00:00.000000 UTC,3072.0899999999997,22,23,0.74089046870371633,0.068920506886191571
2024-07-19 21:00:00.000000 UTC,9146.1099999999988,29,32,0.76119665059790476,-0.56420598483945639
2024-07-19 22:00:00.000000 UTC,6142.920000000001,12,14,0.76672919393382943,-0.31495770740950557
2024-07-19 23:00:00.000000 UTC,3531.88,13,10,0.76065404260620406,-0.86919147875918779
2024-07-20 00:00:00.000000 UTC,6109.4299999999994,22,24,0.76819549450603442,-0.89917226320622379
2024-07-20 01:00:00.000000 UTC,14014.39,26,23,0.76051090348063655,-0.98572895431053376
2024-07-20 02:00:00.000000 UTC,20939.389999999996,35,25,0.73829695613960122,-1.0
2024-07-20 03:00:00.000000 UTC,19106.21,26,21,0.72232109876684081,-0.035028925150513916
2024-07-20 04:00:00.000000 UTC,1598.94,3,5,0.72997748508386806,0.99549701677361269
2024-07-20 05:00:00.000000 UTC,7623.44,5,6,0.73976328271751346,0.56977427513038725
2024-07-20 06:00:00.000000 UTC,2249.71,6,8,0.75006871996835145,0.85064741677816247
2024-07-20 07:00:00.000000 UTC,6223.85,18,18,0.75161535041975625,-0.08260642528338577
2024-07-20 08:00:00.000000 UTC,4414.0600000000013,12,11,0.76035618002473881,0.90603208837215621
2024-07-20 09:00:00.000000 UTC,3431.07,6,7,0.76541650272364015,0.083300544728029433
2024-07-20 10:00:00.000000 UTC,3701.6300000000006,11,12,0.74875346806677057,-1.0
2024-07-20 11:00:00.000000 UTC,6176.99,10,10,0.75983843263466511,0.85802470135130549
2024-07-20 12:00:00.000000 UTC,14047.99,6,8,0.77005840693223737,1.0
2024-07-20 13:00:00.000000 UTC,6606.09,8,10,0.7843599466552833,1.0
2024-07-20 14:00:00.000000 UTC,733.9,5,7,0.77999999999999992,1.0
2024-07-20 15:00:00.000000 UTC,5124.59,10,12,0.77225430717384214,-0.54913856523155991
2024-07-20 16:00:00.000000 UTC,8722.81,17,17,0.76074963228592629,-1.0
2024-07-20 17:00:00.000000 UTC,10074.54,20,17,0.76,-1.0
2024-07-20 18:00:00.000000 UTC,8996.92,10,14,0.74775407583928721,-1.0
2024-07-20 19:00:00.000000 UTC,3387.0499999999997,6,5,0.75000000000000022,0.79093901772929243
2024-07-20 20:00:00.000000 UTC,319.32,2,3,0.74,-1.0
2024-07-20 21:00:00.000000 UTC,13309.230000000001,23,21,0.73219017178304091,-0.82776163609765518
2024-07-20 22:00:00.000000 UTC,5400.3,23,23,0.71700042590226465,-0.39512619669277632
2024-07-20 23:00:00.000000 UTC,28708.06,23,22,0.7432950746236423,0.58444631925668267
2024-07-21 00:00:00.000000 UTC,14476.63,2,3,0.72010337350612674,-1.0
2024-07-21 01:00:00.000000 UTC,2122.7699999999995,7,8,0.72000000000000008,-1.0
2024-07-21 02:00:00.000000 UTC,801.92,2,4,0.7111462490023942,-0.77075019952114932
2024-07-21 03:00:00.000000 UTC,1632.47,7,8,0.71007938890148037,-0.98412221970388425
2024-07-21 04:00:00.000000 UTC,484.95,1,2,0.72,1.0
2024-07-21 05:00:00.000000 UTC,143.99,2,3,0.72,1.0
2024-07-21 06:00:00.000000 UTC,643.4,6,7,0.70598119263288772,0.19623873173764375
2024-07-21 07:00:00.000000 UTC,4499.9000000000005,8,10,0.70435225227227272,-0.12954954554545661
2024-07-21 08:00:00.000000 UTC,341.73,5,7,0.7095572528019195,0.91145056038392891
2024-07-21 09:00:00.000000 UTC,664.31,12,11,0.7084657765199982,0.69315530399963876
2024-07-21 10:00:00.000000 UTC,10834.83,20,21,0.69059294875877131,-0.87608296576872924
2024-07-21 11:00:00.000000 UTC,1825.8200000000002,5,7,0.706380639931647,1.0
2024-07-21 12:00:00.000000 UTC,1355.13,4,5,0.68551334558308041,-1.0
2024-07-21 13:00:00.000000 UTC,386.5,4,5,0.71000000000000008,1.0
2024-07-21 14:00:00.000000 UTC,5123.71,18,16,0.71139102330147486,1.0
2024-07-21 15:00:00.000000 UTC,10076.570000000002,18,16,0.70928674142093961,-0.75561525400012108
2024-07-21 16:00:00.000000 UTC,3494.8399999999997,8,8,0.71289157729681485,-0.42168454063705346
2024-07-21 17:00:00.000000 UTC,86443.55,88,82,0.8944371776610277,0.93239773239298929
2024-07-21 18:00:00.000000 UTC,112677.42,106,110,0.99786409991451741,0.78812329923777091
2024-07-21 19:00:00.000000 UTC,76431.87999999999,53,41,0.9986118989640187,0.57430224142072661
2024-07-21 20:00:00.000000 UTC,85573.459999999992,28,27,0.99787777261781885,0.4865905854455343
2024-07-21 21:00:00.000000 UTC,0.0,0,0,,
2024-07-21 22:00:00.000000 UTC,0.0,0,0,,
2024-07-21 23:00:00.000000 UTC,0.0,0,0,,
2024-07-22 00:00:00.000000 UTC,0.0,0,0,,
2024-07-22 01:00:00.000000 UTC,0.0,0,0,,
2024-07-22 02:00:00.000000 UTC,0.0,0,0,,
2024-07-22 03:00:00.000000 UTC,0.0,0,0,,
2024-07-22 04:00:00.000000 UTC,0.0,0,0,,
2024-07-22 05:00:00.000000 UTC,0.0,0,0,,
2024-07-22 06:00:00.000000 UTC,0.0,0,0,,
2024-07-22 07:00:00.000000 UTC,0.0,0,0,,
2024-07-22 08:00:00.000000 UTC,0.0,0,0,,
2024-07-22 09:00:00.000000 UTC,0.0,0,0,,
2024-07-22 10:00:00.000000 UTC,0.0,0,0,,
2024-07-22 11:00:00.000000 UTC,0.0,0,0,,
2024-07-22 12:00:00.000000 UTC,0.0,0,0,,
2024-07-22 13:00:00.000000 UTC,0.0,0,0,,
2024-07-22 14:00:00.000000 UTC,0.0,0,0,,
2024-07-22 15:00:00.000000 UTC,0.0,0,0,,
2024-07-22 16:00:00.000000 UTC,0.0,0,0,,
2024-07-22 17:00:00.000000 UTC,0.0,0,0,,
2024-07-22 18:00:00.000000 UTC,0.0,0,0,,
2024-07-22 19:00:00.000000 UTC,0.0,0,0,,
2024-07-22 20:00:00.000000 UTC,0.0,0,0,,
2024-07-22 21:00:00.000000 UTC,0.0,0,0,,
2024-07-22 22:00:00.000000 UTC,0.0,0,0,,
2024-07-22 23:00:00.000000 UTC,0.0,0,0,,
2024-07-23 00:00:00.000000 UTC,0.0,0,0,,
2024-07-23 01:00:00.000000 UTC,0.0,0,0,,
2024-07-23 02:00:00.000000 UTC,0.0,0,0,,
2024-07-23 03:00:00.000000 UTC,0.0,0,0,,
2024-07-23 04:00:00.000000 UTC,0.0,0,0,,
2024-07-23 05:00:00.000000 UTC,0.0,0,0,,
2024-07-23 06:00:00.000000 UTC,0.0,0,0,,
2024-07-23 07:00:00.000000 UTC,0.0,0,0,,
2024-07-23 08:00:00.000000 UTC,0.0,0,0,,
2024-07-23 09:00:00.000000 UTC,0.0,0,0,,
2024-07-23 10:00:00.000000 UTC,0.0,0,0,,
2024-07-23 11:00:00.000000 UTC,0.0,0,0,,
2024-07-23 12:00:00.000000 UTC,0.0,0,0,,
2024-07-23 13:00:00.000000 UTC,0.0,0,0,,
2024-07-23 14:00:00.000000 UTC,0.0,0,0,,
2024-07-23 15:00:00.000000 UTC,0.0,0,0,,
2024-07-23 16:00:00.000000 UTC,0.0,0,0,,
2024-07-23 17:00:00.000000 UTC,0.0,0,0,,
2024-07-23 18:00:00.000000 UTC,0.0,0,0,,
2024-07-23 19:00:00.000000 UTC,0.0,0,0,,
2024-07-23 20:00:00.000000 UTC,0.0,0,0,,
2024-07-23 21:00:00.000000 UTC,0.0,0,0,,
2024-07-23 22:00:00.000000 UTC,0.0,0,0,,
2024-07-23 23:00:00.000000 UTC,0.0,0,0,,
2024-07-24 00:00:00.000000 UTC,0.0,0,0,,