market_id,trade_date,avg_trade_price,min_trade_price,max_trade_price,daily_trade_count,daily_usd_volume,rolling_7d_avg_volume
507286,2024-09-17,0.02,0.02,0.02,7,2.8200000000000003,2.8200000000000003
507286,2024-09-18,0.041735294117647065,0.012,0.961,34,35.180000000000007,19.000000000000004
507286,2024-09-19,0.014666666666666666,0.013,0.019,39,34.6,24.200000000000003
507286,2024-09-20,0.45059999999999995,0.015,0.984,40,6045.86,1529.615
507286,2024-09-21,0.40449969999999985,0.019,0.98,10,57.540000000000006,1235.2
507286,2024-09-22,0.63635714285714307,0.021,0.984,56,1310.4600000000012,1247.7433333333336
507286,2024-09-23,0.79059993333333345,0.017,0.984,15,366.38000000000005,1121.8342857142859
507286,2024-09-24,0.23222222222222222,0.017,0.982,9,185.74999999999997,1147.967142857143
507286,2024-09-25,0.02,0.018,0.021,6,42.83,1149.0600000000002
507286,2024-09-26,0.019666666666666666,0.018,0.022,3,23.939999999999998,1147.537142857143
507286,2024-09-27,0.0165,0.015,0.018,4,1.42,284.04571428571444
507286,2024-09-28,0.015125000000000001,0.015,0.016,8,5.89,276.667142857143
507286,2024-09-29,0.016083333333333338,0.016,0.018,24,23.319999999999997,92.79
507286,2024-09-30,0.017133199999999998,0.017,0.018,15,4.4,41.078571428571422
507286,2024-10-01,0.017466666666666665,0.017,0.018,15,9.69,15.927142857142856
507286,2024-10-02,0.03934146341463414,0.008,0.987,41,266.84,47.928571428571423
507286,2024-10-03,0.075,0.015,0.984,33,178.60000000000005,70.022857142857148
507286,2024-10-04,0.015958904109589039,0.015,0.018,73,65.819999999999965,79.222857142857137
507286,2024-10-05,0.018,0.016,0.02,14,15.4,80.581428571428575
507286,2024-10-06,0.019066733333333332,0.018,0.023,15,2.62,77.624285714285719
507286,2024-10-07,0.020428571428571431,0.019,0.023,28,25.159999999999997,80.59
507286,2024-10-08,0.021142857142857144,0.021,0.022,7,7.38,80.26
507286,2024-10-09,0.033791666666666678,0.019,0.977,72,87.51,54.641428571428577
507286,2024-10-10,0.022999866666666667,0.019,0.024,15,26.240000000000006,32.875714285714281
507286,2024-10-11,0.023,0.02,0.024,6,10.95,25.037142857142857
507286,2024-10-12,0.021999333333333333,0.02,0.024,9,4.71,23.51
507286,2024-10-13,0.10343478260869564,0.019,0.978,23,87.570000000000022,35.645714285714291
507286,2024-10-14,0.019644903225806448,0.018,0.022,31,43.430000000000021,38.255714285714291
507286,2024-10-15,0.020660392857142863,0.019,0.022,56,72.489999999999981,47.557142857142864
507286,2024-10-16,0.037148743801652874,0.02,0.978,121,252.7,71.155714285714282
507286,2024-10-17,0.02144294011976048,0.021,0.022,167,186.70000000000005,94.078571428571436
507286,2024-10-18,0.029568965517241377,0.02,0.979,116,282.00000000000017,132.80000000000004
507286,2024-10-19,0.052080596774193508,0.02,0.979,62,270.71999999999991,170.8014285714286
507286,2024-10-20,0.0866818181818182,0.02,0.979,44,164.28000000000003,181.76000000000002
507286,2024-10-21,0.15215895454545456,0.021,0.978,44,2627.72,550.94428571428568
507286,2024-10-22,0.024206689655172416,0.021,0.029,29,53.900000000000006,548.28857142857146
507286,2024-10-23,0.024333095238095237,0.021,0.029,42,48.910000000000011,519.17571428571432
507286,2024-10-24,0.077944425925925917,0.022,0.975,54,4783.0199999999977,1175.7928571428567
507286,2024-10-25,0.066374979166666667,0.025,0.974,48,26.920000000000012,1139.3528571428567
507286,2024-10-26,0.24039622641509437,0.024,0.975,53,4744.5999999999995,1778.4785714285711
507286,2024-10-27,0.024981981981981996,0.023,0.029,111,50.480000000000018,1762.2214285714281
507286,2024-10-28,0.024430209302325583,0.023,0.026,86,16.369999999999987,1389.1714285714281
507286,2024-10-29,0.24806868627450976,0.022,0.975,102,1299.7199999999991,1567.1457142857137
507286,2024-10-30,0.54578259866220735,0.024,0.974,299,689043.78000000014,99994.984285714308
507286,2024-10-31,0.17829491864406788,0.025,0.972001,295,1895.8,99582.5242857143
507286,2024-11-01,0.11558123255813954,0.025,0.974,43,151.46999999999983,99600.317142857166
507286,2024-11-02,0.026750000000000003,0.025,0.029,4,17.32,98924.991428571448
507286,2024-11-03,0.37045445454545445,0.024,0.973999,11,86.259999999999991,98930.102857142876
507286,2024-11-04,0.22162678571428573,0.024,0.975,126,919.27999999999986,99059.090000000026
507286,2024-11-05,0.027632882911392424,0.012,0.974,316,302.96000000000055,98916.695714285728
507286,2024-11-06,0.11746328440366975,0.009,0.985,218,572.55999999999972,563.66428571428571
507286,2024-11-07,0.033231730158730183,0.012,0.986,315,273.79999999999995,331.95
507286,2024-11-08,0.68648395804195794,0.013,0.986,286,50066.930000000015,7462.7300000000023
507286,2024-11-09,0.025426514771877344,0.014,0.983,5348,3102.0800000000181,7903.4100000000044
507286,2024-11-10,0.023756935552710166,0.016,0.981,4686,6383.6499999999969,8803.037142857147
507286,2024-11-11,0.022292429245283022,0.016,0.982,212,161.96999999999997,8694.850000000004
507286,2024-11-12,0.037789208430913337,0.016,0.983,427,704.90000000000066,8752.2700000000041
507286,2024-11-13,0.061567329512894009,0.016,0.982,349,768.54999999999927,8780.2685714285763
507286,2024-11-14,0.01739325521669341,0.017,0.018,623,447.65000000000015,8805.10428571429
507286,2024-11-15,0.074262132686084115,0.017,0.982,618,2531.9900000000107,2014.3985714285752
507286,2024-11-16,0.057482558139534949,0.017,0.982,516,1030.4500000000007,1718.4514285714297
507286,2024-11-17,0.021359550561797766,0.017,0.982,267,302.65,849.73714285714448
507286,2024-11-18,0.032128289473684173,0.017,0.983,608,696.92999999999915,926.16000000000156
507286,2024-11-19,0.071248979591836722,0.016,0.983,490,20409.829999999998,3741.150000000001
507286,2024-11-20,0.17248828125000007,0.017,0.982,512,125159.04999999999,21511.221428571429
507286,2024-11-21,0.022501730103806242,0.017,0.983,578,676.65,21543.935714285715
507286,2024-11-22,0.12631783668341712,0.016,0.983,796,164467.57999999885,44677.591428571264
507286,2024-11-23,0.28584854788418734,0.016,0.983,449,171977.76000000004,69098.635714285556
507286,2024-11-24,0.017372428152492677,0.016,0.018,341,381.32999999999987,69109.875714285547
507286,2024-11-25,0.017436408977556109,0.017,0.018,401,418.94000000000011,69070.1628571427
507286,2024-11-26,0.019573717948717966,0.016,0.984,624,839.25999999999851,66274.36714285698
507286,2024-11-27,0.049887717543859622,0.015,0.984,570,863.86000000000115,48517.911428571271
507286,2024-11-28,0.13023699421965315,0.01,0.99,519,118649.09999999995,65371.118571428407
507286,2024-11-29,0.012093750000000007,0.01,0.014,448,500.33999999999986,41947.22714285714
507286,2024-11-30,0.013902685520361991,0.011,0.988,442,360.47999999999973,17430.47285714285
507286,2024-12-01,0.015558639676113355,0.011,0.988,247,158.60999999999996,17398.655714285705
507286,2024-12-02,0.0196400616966581,0.011,0.988,389,391.4200000000003,17394.724285714277
507286,2024-12-03,0.01172498541666666,0.011,0.013,480,391.09000000000009,17330.699999999993
507286,2024-12-04,0.015651716904276983,0.011,0.988,491,45940.209999999985,23770.178571428562
507286,2024-12-05,0.076396603395061727,0.01,0.989,648,91204.270000000091,19849.488571428581
507286,2024-12-06,0.4404006180124222,0.013,0.988,322,8524.5399999999972,20995.802857142866
507286,2024-12-07,0.21593103448275866,0.013,0.988,203,1767.2699999999993,21196.772857142867
507286,2024-12-08,0.13344079276315787,0.014,0.985,304,933.34000000000026,21307.44857142858
507286,2024-12-09,0.078847222222222207,0.012,0.986,288,1764.5599999999995,21503.611428571439
507286,2024-12-10,0.073052901023890782,0.012,0.987,586,1790.4500000000003,21703.520000000011
507286,2024-12-11,0.04689444444444444,0.013,0.986,360,3338.3900000000003,15617.545714285727
507286,2024-12-12,0.15920163934426232,0.016,0.983,610,3127.62,3035.1671428571426
507286,2024-12-13,0.1896673640167362,0.017,0.982,478,51053.889999999905,9110.7885714285585
507286,2024-12-14,0.039361010830324915,0.018,0.982,277,606.35000000000161,8944.9428571428434
507286,2024-12-15,0.03410133843212234,0.015,0.983,523,1180.4199999999996,8980.239999999987
507286,2024-12-16,0.15024606195309798,0.015,0.985,2857,35576.820000000087,13810.562857142857
507286,2024-12-17,0.1778483826649426,0.011,0.988,3865,63873.659999999894,22679.592857142841
507286,2024-12-18,0.067476659751037435,0.015,0.984,3856,32332.620000000072,26821.625714285707
507286,2024-12-19,0.030984026213393408,0.013,0.985,4883,35441.019999999909,31437.825714285696
507286,2024-12-20,0.035068983402489484,0.014,0.985,5784,22044.960000000083,27293.692857142865
507286,2024-12-21,0.025010074893009923,0.014,0.986,11216,118724.84000000017,44167.762857142887
507286,2024-12-22,0.015802119839302485,0.011,0.988,11699,18941.090000000127,46705.001428571479
507286,2024-12-23,0.018398269033299153,0.012,0.987,6817,8456.9300000000221,42830.731428571467
507286,2024-12-24,0.017874739614444742,0.015,0.985,11049,7696.99999999994,34805.494285714332
507286,2024-12-25,0.024034324241495555,0.014,0.985,6526,6117.72000000002,31060.508571428611
507286,2024-12-26,0.0398768328445748,0.014,0.985,5797,6120.1000000000495,26871.805714285772
507286,2024-12-27,0.022990054774298784,0.016,0.983,12871,10244.930000000284,25186.087142857232
507286,2024-12-28,0.02125048169556842,0.014,0.98,3633,3662.43000000006,8748.6000000000713
507286,2024-12-29,0.029647265077138853,0.014,0.985,1426,3492.1699999999996,6541.6114285714821
507286,2024-12-30,0.065257752923233367,0.014,0.985,1967,37611.530000000013,10706.554285714337
507286,2024-12-31,0.028359575656058095,0.014,0.985,1791,1661.1499999999767,9844.2900000000573
507286,2025-01-01,0.023298734177215185,0.014,0.985,790,1353.819999999999,9163.7328571429116
507286,2025-01-02,0.036787209302325624,0.015,0.984,1720,24162.20999999993,11741.177142857181
507286,2025-01-03,0.063823860028182314,0.016,0.983,2129,6203.1999999999916,11163.787142857138
507286,2025-01-04,0.14131048900169202,0.018,0.982,1182,5185.5999999999995,11381.382857142844
507286,2025-01-05,0.025295785440613033,0.018,0.982,1305,2108.6200000000058,11183.732857142844
507286,2025-01-06,0.020347162740899347,0.018,0.982,3736,5174.2599999999611,6549.8371428571236
507286,2025-01-07,0.072810505050505112,0.017,0.982,2475,6276.4500000000262,7209.1657142857021
507286,2025-01-08,0.10136573511543137,0.016,0.983,1646,4448.9199999999983,7651.3228571428444
507286,2025-01-09,0.016361256544502611,0.016,0.017,191,186.45000000000005,4226.2142857142835
507286,2025-01-10,0.0350173199635369,0.016,0.984,1097,2258.0299999999966,3662.61857142857
507286,2025-01-11,0.058094814814814752,0.016,0.984,675,1314.1700000000035,3109.5571428571416
507286,2025-01-12,0.13340770281124498,0.013,0.984,498,3515.9399999999982,3310.6028571428546
507286,2025-01-13,0.01344474034620506,0.013,0.014,751,1653.3899999999962,2807.6214285714314
507286,2025-01-14,0.049761695906432771,0.011,0.988,684,4439.4399999999978,2545.1914285714274
507286,2025-01-15,0.02351757812499999,0.011,0.989,512,2099.1800000000089,2209.514285714286
507286,2025-01-16,0.03154927726675421,0.011,0.988,761,2359.7999999999888,2519.9928571428559
507286,2025-01-17,0.072584140969162991,0.011,0.988,1135,1702.8900000000147,2440.687142857144
507286,2025-01-18,0.043427368421052624,0.011,0.988,1900,1459.8400000000045,2461.4971428571444
507286,2025-01-19,0.043443956167814594,0.011,0.989,1597,1778.4499999999175,2213.2842857142755
507286,2025-01-20,0.021679910464465615,0.012,0.988,1787,648.11000000000524,2069.672857142848
507286,2025-01-21,0.044290268829026931,0.012,0.987,1819,2433.4999999999882,1783.1099999999897
507286,2025-01-22,0.06069822846670736,0.013,0.987,1637,1458.9600000000148,1691.6499999999905
507286,2025-01-23,0.08367072347826103,0.012,0.988,1725,6423.73,2272.2114285714206
507286,2025-01-24,0.014343434343434342,0.013,0.015,198,244.91000000000048,2063.9285714285616
507286,2025-01-25,0.068041933191186885,0.013,0.986,1407,4692.7900000000018,2525.778571428561
507286,2025-01-26,0.0764253679046952,0.013,0.986,1427,6033.8000000000147,3133.6857142857179
507286,2025-01-27,0.19207042253521125,0.013,0.986,71,2296.6,3369.1842857142883
507286,2025-01-28,0.014175000000000002,0.013,0.016,40,104.90999999999998,3036.528571428576
507286,2025-01-29,0.20884338554216864,0.013,0.985,166,4832.0600000000022,3518.4000000000028
507286,2025-01-30,0.17958888888888888,0.018,0.981,90,2345.9100000000008,2935.8542857142884
507286,2025-01-31,0.38664705882352962,0.019,0.98,68,3424.4300000000012,3390.0714285714316
507286,2025-02-01,0.16327653191489364,0.019,0.98,47,1025.4299999999998,2866.1628571428596
507286,2025-02-02,0.11575999999999996,0.019,0.98,50,1173.0199999999995,2171.7657142857147
507286,2025-02-03,0.033880597014925379,0.019,0.98,67,1335.6,2034.4800000000005
507286,2025-02-04,0.09586086956521743,0.019,0.979,115,1166.3699999999992,2186.1171428571433
507286,2025-02-05,0.14237813625304171,0.02,0.98,1233,15789.579999999942,3751.4771428571348
507286,2025-02-06,0.039684103721298512,0.021,0.978001,1263,2559.9999999999995,3782.06142857142
507286,2025-02-07,0.031261648745519705,0.021,0.979,1674,2992.7600000000066,3720.3942857142779
507286,2025-02-08,0.023356825396825435,0.021,0.979,1575,2942.310000000004,3994.2342857142785
507286,2025-02-09,0.12500989459084608,0.021,0.979,1442,9615.9900000000071,5200.372857142851
507286,2025-02-10,0.20023773462002348,0.022,0.977,1658,31603.800000000057,9524.4014285714311
507286,2025-02-11,0.27604361534725663,0.017,0.983,2059,39857.0600000001,15051.642857142873
507286,2025-02-12,0.20913956817185436,0.018,0.981,2281,187974.46999999945,39649.484285714228
507286,2025-02-13,0.064885465505693254,0.021,0.978,1493,6803.7800000000007,40255.738571428519
507286,2025-02-14,0.15139268292682914,0.02,0.979,820,11775.969999999972,41510.4828571428
507286,2025-02-15,0.19409975669099752,0.021,0.978,411,34030.229999999967,45951.614285714219
507286,2025-02-16,0.09088510638297867,0.021,0.978,235,15916.940000000004,46851.749999999935
507286,2025-02-17,0.035819548872180459,0.021,0.978,133,941.73999999999978,42471.455714285643
507286,2025-02-18,0.059476190476190433,0.02,0.979,378,4803.5899999999965,37463.817142857057
507286,2025-02-19,0.08975480769230762,0.021,0.979,1040,219491.17000000013,41966.202857142867
507286,2025-02-20,0.26138920454545461,0.022,0.978,352,39767.009999999958,46675.235714285722
507286,2025-02-21,0.17077961019490265,0.022,0.977,667,143624.30999999997,65510.712857142862
507286,2025-02-22,0.1034316770186335,0.022,0.977,322,90391.030000000013,73562.255714285726
507286,2025-02-23,0.023408163265306127,0.023,0.024,49,930.21999999999991,71421.295714285719
507286,2025-02-24,0.08320390455531454,0.021,0.978,461,32455.229999999974,75923.222857142857
507286,2025-02-25,0.043953367875647679,0.021,0.979,579,122796.12,92779.298571428575
507286,2025-02-26,0.0414888579387187,0.021,0.978,718,233046.93000000002,94715.8357142857
507286,2025-02-27,0.055665484633569795,0.022,0.977,846,289970.48000000004,130459.18857142857
507286,2025-02-28,0.041608044901777434,0.022,0.977,1069,311957.19999999966,154506.74428571423
507286,2025-03-01,0.029955639097744305,0.022,0.977,1330,312266.53999999992,186203.24571428567
507286,2025-03-02,0.028952926208651385,0.022,0.977,786,251939.33000000002,222061.68999999994
507286,2025-03-03,0.036390934844192632,0.021,0.978,353,97254.170000000056,231318.68142857138
507286,2025-03-04,0.054207100591715983,0.022,0.977,676,99335.030000000013,227967.09714285709
507286,2025-03-05,0.36432805429864284,0.027,0.973,884,10262.609999999997,196140.76571428566
507286,2025-03-06,0.29483060109289611,0.021,0.978,183,5350.49,155480.7671428571
507286,2025-03-07,0.023659863945578233,0.023,0.025,147,445.74,110979.13
507286,2025-03-08,0.14361133603238876,0.023,0.977,247,817.92999999999984,66486.471428571444
507286,2025-03-09,0.073833001988071564,0.024,0.975,503,1693.8699999999974,30737.12000000001
507286,2025-03-10,0.36611650485436881,0.024,0.975,103,1697.1399999999987,17086.115714285716
507286,2025-03-11,0.28261706783369783,0.024,0.975,457,4132.489999999998,3485.7528571428556
507286,2025-03-12,0.23305212355212379,0.025,0.976,518,8255.1400000000085,3198.971428571429
507286,2025-03-13,0.32123371647509574,0.027,0.972,261,6824.489999999998,3409.5428571428574
507286,2025-03-14,0.0966058394160584,0.027,0.972,137,790.69999999999959,3458.8228571428572
507286,2025-03-15,0.15970303712036,0.027,0.972,889,10450.96000000001,4834.9700000000012
507286,2025-03-16,0.12168032786885252,0.027,0.972,1098,2635.5400000000045,4969.4942857142878
507286,2025-03-17,0.1532205651491364,0.027,0.972,1274,104054.16999999985,19591.927142857123
507286,2025-03-18,0.048447528187337364,0.027,0.972,1153,1885.6400000000015,19270.948571428555
507286,2025-03-19,0.060123906705539437,0.027,0.973,2058,103715.30000000034,32908.114285714313
507286,2025-03-20,0.027509908944831251,0.027,0.028,1867,2202.1299999999978,32247.777142857172
507286,2025-03-21,0.036256304683479179,0.027,0.972,1943,3085.5200000000036,32575.608571428602
507286,2025-03-22,0.11351797385620893,0.026,0.973,1836,22385.209999999905,34280.501428571442
507286,2025-03-23,0.22756297464074404,0.026,0.973,2366,60176.739999999889,42500.672857142854
507286,2025-03-24,0.052814484126984126,0.025,0.974,2016,3218.0800000000008,28095.517142857163
507286,2025-03-25,0.19986003954214324,0.024,0.975,1922,11860.180000000011,29520.45142857145
507286,2025-03-26,0.22387134546386434,0.024,0.975,1951,14523.750000000027,16778.801428571405
507286,2025-03-27,0.060204685573366258,0.026,0.973,1622,2285.9200000000051,16790.771428571406
507286,2025-03-28,0.086668240850059,0.026,0.973,1694,4465.449999999988,16987.904285714259
507286,2025-03-29,0.044108723135271692,0.026,0.973,1582,2205.3799999999997,14105.071428571417
507286,2025-03-30,0.047931909982688994,0.026,0.973,1733,2575.459999999995,5876.3171428571468
507286,2025-03-31,0.07703774728086997,0.026,0.973,1563,104703.50999999985,20374.235714285696
507286,2025-04-01,0.044595322466335872,0.026,0.974,1411,5297.6899999999932,19436.737142857124
507286,2025-04-02,0.12679601865671633,0.025,0.974,1608,4145.5700000000024,17954.139999999978
507286,2025-04-03,0.025948788546255531,0.025,0.027,1816,1698.12,17870.168571428549
507286,2025-04-04,0.070551047120418833,0.025,0.974,764,1471.4399999999955,17442.452857142835
507286,2025-04-05,0.025598326359832637,0.025,0.026,239,1086.1099999999988,17282.55714285712
507286,2025-04-06,0.0719803921568627,0.024,0.975,204,2265.7099999999991,17238.30714285712
507286,2025-04-07,0.22999999999999979,0.024,0.975,139,1202.2500000000005,2452.4128571428555
507286,2025-04-08,0.17490616621983909,0.017,0.98,373,2658.3699999999972,2075.367142857142
507286,2025-04-09,0.3257923227990967,0.002,0.998,443,3270.1699999999996,1950.3099999999986
507286,2025-04-10,0.26598495488721796,0.003,0.994,133,9593.7200000000012,3078.2528571428561
507286,2025-04-11,0.066855421686747,0.007,0.992,83,2317.7199999999989,3199.1499999999992
507286,2025-04-12,0.13702631578947369,0.007,0.992,38,749.52,3151.065714285714
507286,2025-04-13,0.15201041666666668,0.007,0.992,192,4170.7799999999988,3423.2185714285711
507286,2025-04-14,0.3104132653061229,0.007,0.992,196,8922.3800000000028,4526.0942857142854
507286,2025-04-15,0.10867806841046289,0.001,0.999,497,4168.7599999999984,4741.8642857142859
507294,2024-09-17,0.18,0.02,0.95,6,70.02,70.02
507294,2024-09-18,0.13096969696969696,0.012,0.986,33,68.88,69.45
507294,2024-09-19,0.08684090909090908,0.02,0.978,44,117.41000000000001,85.436666666666667
507294,2024-09-20,0.08419565217391306,0.021,0.977,46,3957.42,1053.4325000000001
507294,2024-09-21,0.24980952380952384,0.021,0.978,21,96.170000000000016,861.98
507294,2024-09-22,0.090454545454545482,0.02,0.979,55,106.03,735.98833333333334
507294,2024-09-23,0.021666666666666664,0.021,0.024,27,22.350000000000005,634.04
507294,2024-09-24,0.076342857142857157,0.021,0.978,35,78.91,635.31000000000006
507294,2024-09-25,0.97449999999999992,0.974,0.975,2,17.950000000000003,628.03428571428572
507294,2024-09-27,0.02175,0.021,0.022,4,3.9299999999999997,611.82285714285717
507294,2024-09-28,0.022125,0.022,0.023,8,8.629999999999999,47.71
507294,2024-09-29,0.05330003333333333,0.02,0.975,30,103.28999999999999,48.727142857142859
507294,2024-09-30,0.021646882352941176,0.021,0.026997,17,11.21,35.181428571428569
507294,2024-10-01,0.024,0.022,0.026,2,2.4000000000000004,32.331428571428567
507294,2024-10-02,0.15522222222222221,0.022,0.973,36,3356.71,500.58857142857141
507294,2024-10-03,0.11324444444444443,0.03,0.962,45,2830.88,902.43571428571431
507294,2024-10-04,0.030985074626865668,0.03,0.032,67,125.81000000000004,919.8471428571429
507294,2024-10-05,0.031117647058823531,0.03,0.036,17,84.68,930.71142857142866
507294,2024-10-06,0.032000125,0.03,0.036,16,70.95,926.09142857142865
507294,2024-10-07,0.0774001,0.03,0.969,20,26.899999999999995,928.33285714285716
507294,2024-10-08,0.03,0.03,0.03,7,7.58,929.07285714285717
507294,2024-10-09,0.23089322666666659,0.03,0.971,75,1076.9300000000012,603.39000000000021
507294,2024-10-10,0.16457185714285713,0.03,0.966003,7,16.82,201.38142857142876
507294,2024-10-11,0.031333333333333331,0.03,0.034,3,7.51,184.48142857142875
507294,2024-10-12,0.33200036000000005,0.03,0.969,25,1402.02,372.67285714285731
507294,2024-10-13,0.26543756250000006,0.03,0.969,16,93.04,375.82857142857159
507294,2024-10-14,0.11631836363636364,0.03,0.965003,22,13.81,373.95857142857159
507294,2024-10-15,0.0702035306122449,0.03,0.969,49,95.19,386.47428571428588
507294,2024-10-16,0.13961671666666667,0.028,0.969,60,230.20000000000007,265.51285714285717
507294,2024-10-17,0.21809078181818178,0.028,0.971,55,724.90999999999963,366.6685714285714
507294,2024-10-18,0.75011735294117643,0.03,0.971,17,173.55999999999997,390.38999999999993
507294,2024-10-19,0.0320996,0.03,0.034,10,10.319999999999999,191.57571428571424
507294,2024-10-20,0.29316616666666667,0.027,0.969,18,622.58,267.22428571428566
507294,2024-10-21,0.057612709677419355,0.026,0.968,31,59.379999999999995,273.73428571428565
507294,2024-10-22,0.42358083870967744,0.026,0.973,31,1317.3099999999995,448.322857142857
507294,2024-10-23,0.18659963333333335,0.025,0.973,30,80.51,426.93857142857132
507294,2024-10-24,0.29337128571428572,0.016,0.982994,35,257.29999999999995,360.13714285714281
507294,2024-10-25,0.12106057575757574,0.018,0.98,66,116.96000000000004,352.05142857142852
507294,2024-10-26,0.035338999999999995,0.018,0.98,59,101.78000000000002,365.11714285714277
507294,2024-10-27,0.024217647058823524,0.017,0.981,170,101.11999999999999,290.62285714285707
507294,2024-10-28,0.018195121951219508,0.016,0.02,82,25.159999999999989,285.73428571428565
507294,2024-10-29,0.017283464566929137,0.016,0.019,127,62.600000000000016,106.49
507294,2024-10-30,0.13883908045977014,0.016,0.983,174,278.3,134.74571428571429
507294,2024-10-31,0.057632558139534884,0.015,0.982,215,700.68999999999994,198.08714285714285
507294,2024-11-01,0.33236363636363636,0.016,0.982,55,314.58,226.31857142857143
507294,2024-11-02,0.12778685245901639,0.016,0.982,61,1066.52,364.13857142857142
507294,2024-11-03,0.016931034482758622,0.016,0.018,29,160.14000000000001,372.57
507294,2024-11-04,0.57668843925233648,0.016,0.983,321,1296250.9599999997,185547.68428571423
507294,2024-11-05,0.39686507142857153,0.012,0.982,378,1038329.6299999972,333871.54571428528
507294,2024-11-06,0.0909943820224719,0.004,0.977,178,162.39,333854.9871428567
507294,2024-11-07,0.024101750877192983,0.008,0.989,285,157.6399999999999,333777.40857142815
507294,2024-11-08,0.14662472635135135,0.009,0.989,296,2650.7999999999997,334111.15428571386
507294,2024-11-09,0.019946428571428566,0.011,0.982001,224,235.61000000000004,333992.45285714243
507294,2024-11-10,0.024065521367521377,0.014,0.985,351,374.0100000000001,334023.0057142853
507294,2024-11-11,0.36479617772511852,0.015,0.984,422,1021192.919999999,294728.99999999948
507294,2024-11-12,0.16332642136498515,0.015,0.983,337,11616.650000000001,148055.717142857
507294,2024-11-13,0.044627819548872176,0.017,0.982,266,412.54999999999995,148091.45428571414
507294,2024-11-14,0.065122727272727277,0.018,0.981,440,1233.99,148245.21857142844
507294,2024-11-15,0.0701149679144385,0.018,0.982,374,1107.0400000000004,148024.68142857129
507294,2024-11-16,0.045037267080745319,0.017,0.982,322,553.81000000000063,148070.13857142843
507294,2024-11-17,0.029853420195439739,0.016,0.983,307,428.04999999999995,148077.85857142843
507294,2024-11-18,0.064912057788944738,0.014,0.986,398,792.21999999999957,2306.3300000000004
507294,2024-11-19,0.12534183673469382,0.015,0.984,196,1498.2500000000002,860.84428571428577
507294,2024-11-20,0.16586610878661087,0.015,0.984,239,1282.23,985.08428571428578
507294,2024-11-21,0.14909534368070948,0.015,0.985,451,86629.910000000033,13184.501428571433
507294,2024-11-22,0.1552343715277778,0.015,0.984,576,2229.9899999999971,13344.922857142861
507294,2024-11-23,0.10575076923076922,0.015,0.984,325,1052.4900000000002,13416.162857142861
507294,2024-11-24,0.20671275531914896,0.015,0.984,188,1141.2099999999998,13518.042857142862
507294,2024-11-25,0.17423419330855008,0.015,0.984,269,1317.2000000000007,13593.040000000005
507294,2024-11-26,0.13396144578313274,0.014,0.985,415,1304.2199999999973,13565.321428571433
507294,2024-11-27,0.069761562277580055,0.014,0.985,281,1298.7100000000003,13567.675714285719
507294,2024-11-28,0.029012539184952977,0.018,0.978,319,1104.1200000000006,1349.7057142857136
507294,2024-11-29,0.056988534351145051,0.019,0.98,262,1052.95,1181.5571428571427
507294,2024-11-30,0.028040816326530615,0.019,0.98,245,357.16000000000008,1082.2242857142855
507294,2024-12-01,0.019503355704697987,0.018,0.021,149,442.11000000000013,982.352857142857
507294,2024-12-02,0.037581250000000004,0.018,0.98,160,634.93999999999983,884.88714285714263
507294,2024-12-03,0.10299378881987574,0.018,0.98,161,1020.5200000000003,844.35857142857162
507294,2024-12-04,0.026375000000000003,0.018,0.981,160,269.55999999999989,697.337142857143
507294,2024-12-05,0.14334267912772589,0.017,0.98,321,58643.870000000024,8917.3014285714326
507294,2024-12-06,0.32711818181818186,0.023,0.977,110,5864.5499999999993,9604.6728571428612
507294,2024-12-07,0.22630000000000006,0.021,0.978,80,922.02999999999986,9685.3685714285748
507294,2024-12-08,0.0870561910112359,0.021,0.98,89,524.75,9697.174285714289
507294,2024-12-09,0.094643243243243233,0.02,0.978,185,888.27999999999986,9733.3657142857173
507294,2024-12-10,0.65484025559105441,0.02,0.979,313,14114.669999999995,11603.958571428573
507294,2024-12-11,0.59298321848739488,0.021,0.979,119,9172.5899999999983,12875.820000000002
507294,2024-12-12,0.14118055555555559,0.018,0.981,72,1988.8100000000002,4782.2399999999989
507294,2024-12-13,0.027699115044247782,0.017,0.98,113,139.16999999999996,3964.3285714285703
507294,2024-12-14,0.21260479041916164,0.014,0.986,167,46666.789999999979,10499.294285714283
507294,2024-12-15,0.72398416886543526,0.013,0.986,379,388931.72999999934,65986.005714285609
507294,2024-12-16,0.65294919168591259,0.013,0.986,433,479060.96000000183,134296.38857142875
507294,2024-12-17,0.063554347826086946,0.015,0.984,184,1719.3300000000002,132525.62571428588
507294,2024-12-18,0.32307714285714273,0.015,0.984,350,23282.430000000026,134541.3171428573
507294,2024-12-19,0.20712161891891889,0.015,0.984,370,71481.840000000011,144468.89285714302
507294,2024-12-20,0.052101449275362331,0.016,0.982,345,1335.0100000000023,144639.7271428573
507294,2024-12-21,0.021235132432432434,0.018,0.981,370,543.13999999999965,138050.63428571445
507294,2024-12-22,0.01983104540654701,0.018,0.981,947,641.27000000000953,82580.568571428841
507294,2024-12-23,0.021834329632792509,0.018,0.982,1171,1829.9600000000009,14404.711428571436
507294,2024-12-24,0.02636204681647936,0.018,0.982,3204,1960.2000000000069,14439.121428571436
507294,2024-12-25,0.0293321100917431,0.018,0.982,545,1103.2300000000032,11270.664285714291
507294,2024-12-26,0.038353932584269668,0.018,0.982,890,1672.2899999999981,1297.8714285714316
507294,2024-12-27,0.021191272727272722,0.019,0.981,1375,1771.7199999999689,1360.2585714285697
507294,2024-12-28,0.019623733719247468,0.019,0.02,691,1920.2599999999973,1556.9899999999977
507294,2024-12-29,0.019662084765177563,0.019,0.02,873,2661.2300000000027,1845.5557142857112
507294,2024-12-30,0.048375231053604417,0.018,0.98,541,6358.8999999999987,2492.5471428571395
507294,2024-12-31,0.078502722323049057,0.017,0.982,551,13374.529999999997,4123.1657142857093
507294,2025-01-01,0.10039999999999999,0.017,0.982,35,1370.1899999999998,4161.3028571428522
507294,2025-01-02,0.039757894736842131,0.016,0.983,475,2314.9999999999977,4253.1185714285657
507294,2025-01-03,0.096023746701846963,0.016,0.983,379,9300.989999999998,5328.72857142857
507294,2025-01-04,0.02113497652582157,0.016,0.983,852,2702.6200000000026,5440.4942857142851
507294,2025-01-05,0.027908914728682142,0.016,0.984,1032,5629.1299999999828,5864.4799999999968
507294,2025-01-06,0.056674033149171264,0.014,0.985,724,6839.0400000000018,5933.0714285714257
507294,2025-01-07,0.031150000000000004,0.014,0.985,1280,3810.6099999999992,4566.79714285714
507294,2025-01-08,0.099320037105751366,0.013,0.986,1078,6712.5099999999957,5329.9857142857109
507294,2025-01-09,0.052327272727272764,0.013,0.987,275,1684.8399999999986,5239.9628571428539
507294,2025-01-10,0.01947392638036808,0.013,0.987,652,2102.3100000000068,4211.5799999999981
507294,2025-01-11,0.0179863325740319,0.013,0.987,439,2509.8899999999985,4184.0471428571409
507294,2025-01-12,0.016987455197132632,0.013,0.986,558,3968.2999999999988,3946.7857142857142
507294,2025-01-13,0.070069873997709045,0.012,0.988,873,5972.7400000000034,3823.0285714285715
507294,2025-01-14,0.022910029498525074,0.012,0.987,678,3386.6199999999976,3762.4585714285713
507294,2025-01-15,0.060173652694610773,0.012,0.988,501,3350.0500000000043,3282.107142857144
507294,2025-01-16,0.030862512363996,0.013,0.987,1011,4588.8900000000076,3696.9714285714308
507294,2025-01-17,0.036643171806167406,0.013,0.987,1135,3694.7299999999836,3924.4599999999991
507294,2025-01-18,0.063403937732836618,0.011,0.988,1879,10104.159999999969,5009.3557142857089
507294,2025-01-19,0.035987169315403356,0.01,0.99,1636,2289.0299999999597,4769.4599999999891
507294,2025-01-20,0.05565745111260962,0.01,0.99,1483,1597.3900000000019,4144.4099999999889
507294,2025-01-21,0.12412809282178217,0.006,0.992,1616,6210.6099999999988,4547.8371428571318
507294,2025-01-22,0.068492559523809532,0.009,0.99,672,1979.1,4351.9871428571314
507294,2025-01-23,0.27816140350877144,0.009,0.99,1425,67646.179999999731,13360.171428571377
507294,2025-01-24,0.076223484848484832,0.01,0.99,264,6708.8400000000092,13790.758571428525
507294,2025-01-25,0.10427211394302846,0.009,0.99,1334,97124.210000001083,26222.1942857144
507294,2025-01-26,0.27345942060691586,0.01,0.989,1417,20761.579999999896,28861.130000000103
507294,2025-01-27,0.23943333333333336,0.01,0.989,90,9624.6600000000053,30007.882857142962
507294,2025-01-28,0.2426779661016949,0.01,0.989,59,1878.4900000000005,29389.008571428676
507294,2025-01-29,0.17067741935483868,0.01,0.988,124,2838.579999999999,29511.791428571531
507294,2025-01-30,0.33417808219178091,0.014,0.985,73,5658.3300000000008,20656.384285714426
507294,2025-01-31,0.22038030985915497,0.015,0.984,71,5887.8799999999992,20539.104285714428
507294,2025-02-01,0.54667741935483871,0.014,0.985,31,3564.57,7173.4414285714147
507294,2025-02-02,0.20279059677419356,0.015,0.985,62,2257.54,4530.0071428571437
507294,2025-02-03,0.24087499999999995,0.015,0.985,56,2269.2599999999998,3479.235714285714
507294,2025-02-04,0.12941095890410956,0.016,0.984,146,2419.7400000000002,3556.5571428571429
507294,2025-02-05,0.33438526608695623,0.016,0.984,1150,33679.669999999962,7962.4271428571374
507294,2025-02-06,0.16872767857142856,0.017,0.982,224,3773.4400000000014,7693.1571428571378
507294,2025-02-07,0.15635710041592393,0.016,0.983,1683,16801.769999999971,9252.2842857142768
507294,2025-02-08,0.21882710353081977,0.016,0.984,1671,26695.590000000033,12556.71571428571
507294,2025-02-09,0.087264844748858483,0.016,0.983,1314,4058.4300000000053,12813.985714285711
507294,2025-02-10,0.03355421686746992,0.015,0.985,1909,6463.1100000000006,13413.107142857139
507294,2025-02-11,0.14781695950323984,0.015,0.985,1852,19324.770000000077,15828.111428571436
507294,2025-02-12,0.27905925925925934,0.017,0.982,270,4947.9400000000005,11723.578571428585
507294,2025-02-13,0.0959644886363637,0.019,0.981,1408,10156.189999999982,12635.400000000011
507294,2025-02-14,0.060456110154905339,0.019,0.98,581,105929.23000000001,25367.8942857143
507294,2025-02-15,0.088615151515151536,0.02,0.979,330,1380.8800000000008,21751.507142857154
507294,2025-02-16,0.19144859813084117,0.021,0.978,107,3046.9000000000005,21607.002857142867
507294,2025-02-17,0.17371999999999996,0.02,0.979,100,4290.89,21296.685714285726
507294,2025-02-18,0.13507782101167315,0.017,0.982,257,11400.150000000003,20164.597142857143
507294,2025-02-19,0.304336,0.02,0.98,125,9700.0200000000041,20843.465714285714
507294,2025-02-20,0.14930434782608698,0.02,0.979,322,8478.44000000001,20603.787142857145
507294,2025-02-21,0.2044375,0.02,0.979,256,19942.549999999992,8319.9757142857161
507294,2025-02-22,0.13540086936936935,0.017,0.982,222,40696.939999999988,13936.555714285714
507294,2025-02-23,0.19025000000000003,0.018,0.981,56,3123.5899999999997,13947.511428571428
507294,2025-02-24,0.11612240041493781,0.017,0.982,482,80398.709999999977,24820.057142857138
507294,2025-02-25,0.15193518518518512,0.017,0.983,108,31047.950000000004,27626.885714285712
507294,2025-02-26,0.19387270909090909,0.018,0.981,55,169.1,26265.325714285711
507294,2025-02-27,0.28765116279069763,0.018,0.981,43,7016.6299999999992,26056.495714285709
507294,2025-02-28,0.091201680672268887,0.018,0.981,119,5574.3599999999969,24003.897142857139
507294,2025-03-01,0.018499999999999992,0.018,0.02,124,626.46999999999991,18279.544285714281
507294,2025-03-02,0.027378378378378379,0.018,0.981,111,174.9100000000002,17858.304285714283
507294,2025-03-03,0.0826842105263158,0.018,0.98,76,1629.03,6605.4928571428572
507294,2025-03-04,0.355547703180212,0.014,0.987,283,6064.7999999999975,3036.4714285714276
507294,2025-03-05,0.32180351906158328,0.012,0.987,341,4863.550000000002,3707.1071428571422
507294,2025-03-06,0.21892105263157896,0.014,0.986,38,1374.4599999999996,2901.0828571428565
507294,2025-03-07,0.015285714285714286,0.014,0.017,42,19.460000000000004,2107.525714285714
507294,2025-03-08,0.27736295555555546,0.015,0.985,270,860.109999999997,2140.9028571428566
507294,2025-03-09,0.28045312500000008,0.015,0.985,128,1602.9899999999998,2344.9142857142851
507294,2025-03-10,0.22791780821917806,0.015,0.984,73,308.42999999999995,2156.2571428571423
507294,2025-03-11,0.73790329218107065,0.01,0.989,486,5672.7599999999957,2100.2514285714278
507294,2025-03-12,0.16274641148325372,0.006,0.991,209,4090.6800000000012,1989.8414285714275
507294,2025-03-13,0.40925470754716992,0.017,0.982,106,4314.5200000000013,2409.8499999999995
507294,2025-03-14,0.13839523809523804,0.019,0.98,210,732.76999999999794,2511.7514285714274
507294,2025-03-15,0.019322580645161291,0.019,0.02,31,191.48000000000002,2416.2328571428566
507294,2025-03-16,0.10684090909090907,0.019,0.981,88,1003.7699999999998,2330.6299999999992
507294,2025-03-17,0.26008088235294113,0.018,0.981,272,20478.720000000019,5212.1000000000022
507294,2025-03-18,0.20871052631578946,0.018,0.981,76,101244.66,18865.228571428575
507294,2025-03-19,0.30279136690647485,0.018,0.982,139,933.19000000000017,18414.158571428576
507294,2025-03-20,0.44255345911949678,0.018,0.981,159,1902.28,18069.552857142859
507294,2025-03-21,0.42631531531531541,0.018,0.981,111,939.47000000000014,18099.081428571433
507294,2025-03-22,0.24332038834951461,0.018,0.981,206,786.09999999999991,18184.027142857147
507294,2025-03-23,0.26579591836734684,0.015,0.983,245,103174.87999999996,32779.899999999994
507294,2025-03-24,0.32925776397515538,0.016,0.983,322,6825.7999999999984,30829.482857142852
507294,2025-03-25,0.13704040067340062,0.016,0.984,297,2106.5499999999988,16666.895714285707
507294,2025-03-26,0.031679012345679013,0.016,0.983,324,878.82000000000016,16659.128571428566
507294,2025-03-27,0.10622870802919708,0.016,0.983,411,3378.4500000000012,16870.009999999995
507294,2025-03-28,0.33605747126436775,0.017,0.982,261,3695.56,17263.737142857139
507294,2025-03-29,0.065396475770925139,0.018,0.981,227,950.31,17287.19571428571
507294,2025-03-30,0.17476126126126124,0.016,0.983,222,1413.56,2749.8642857142854
507294,2025-03-31,0.40155247513812165,0.017,0.982,181,2510.3199999999979,2133.3671428571424
507294,2025-04-01,0.23042009884678749,0.013,0.986,607,4476.2600000000175,2471.8971428571454
507294,2025-04-02,0.01425352112676056,0.014,0.015,213,152.53999999999994,2368.1428571428596
507294,2025-04-03,0.27604139433551178,0.013,0.986,459,13788.549999999977,3855.2999999999988
507294,2025-04-04,0.022636363636363632,0.013,0.986,110,359.49999999999994,3378.7199999999989
507294,2025-04-05,0.013459999999999998,0.013,0.014,50,556.3299999999997,3322.4371428571417
507294,2025-04-06,0.12667741935483859,0.012,0.987,279,2122.8200000000043,3423.7599999999993
507294,2025-04-07,0.17458227848101265,0.014,0.985,79,820.76000000000033,3182.3942857142856
507294,2025-04-08,0.2894,0.014,0.986,205,5523.449999999998,3331.9928571428541
507294,2025-04-09,0.26703466666666664,0.001,0.999,375,1973.7,3592.1585714285684
507294,2025-04-10,0.16005554761904767,0.001,0.999,126,4635.5,2284.5800000000004
507294,2025-04-11,0.14366666666666666,0.001,0.999,21,5553.83,3026.6271428571431
507294,2025-04-12,0.001,0.001,0.001,6,11.059999999999999,2948.7314285714288
507294,2025-04-13,0.001,0.001,0.001,5,6.13,2646.3471428571424
507294,2025-04-14,0.001,0.001,0.001,3,1.02,2529.2414285714281
507294,2025-04-15,0.044638297872340429,0.001,0.999,47,145.94,1761.0257142857142
507305,2024-09-17,0.14625,0.03,0.94,8,82.86,82.86
507305,2024-09-18,0.13307692307692309,0.03,0.96,39,114.57000000000001,98.715
507305,2024-09-19,0.057611111111111113,0.03,0.963,36,67.420000000000016,88.283333333333346
507305,2024-09-20,0.033121212121212121,0.032,0.038,33,35.300000000000004,75.037500000000009
507305,2024-09-21,0.19717647058823529,0.031,0.968,17,36.22,67.274
507305,2024-09-22,0.065444444444444444,0.03,0.969,54,100.18999999999998,72.76
507305,2024-09-23,0.031411764705882354,0.031,0.035,17,31.419999999999998,66.854285714285709
507305,2024-09-24,0.031,0.031,0.031,5,5.38,55.785714285714285
507305,2024-09-25,0.034,0.034,0.034,1,3,39.847142857142856
507305,2024-09-26,0.034,0.034,0.034,1,0.17,30.24
507305,2024-09-27,0.032571428571428571,0.031,0.034,7,6.47,26.12142857142857
507305,2024-09-28,0.034692538461538469,0.034,0.035003,13,37.44,26.295714285714283
507305,2024-09-29,0.036766666666666663,0.035,0.041,30,86.289999999999992,24.31
507305,2024-09-30,0.038555333333333337,0.035,0.042,18,59.499999999999993,28.321428571428569
507305,2024-10-01,0.038124999999999992,0.035,0.044,8,46.19,34.151428571428568
507305,2024-10-02,0.085485714285714276,0.014,0.983,35,91.99,46.864285714285714
507305,2024-10-03,0.025516129032258059,0.025,0.028,31,44.96,53.262857142857136
507305,2024-10-04,0.034173913043478263,0.018,0.979,69,87.260000000000034,64.804285714285712
507305,2024-10-05,0.019928571428571431,0.019,0.02,14,18.759999999999998,62.135714285714286
507305,2024-10-06,0.021538461538461538,0.02,0.024,13,25.959999999999997,53.517142857142858
507305,2024-10-07,0.17379992000000002,0.02,0.979,25,173.95000000000005,69.867142857142866
507305,2024-10-08,0.16,0.022,0.977,14,99.91,77.541428571428582
507305,2024-10-09,0.03550704225352113,0.021,0.975,71,90.72,77.360000000000014
507305,2024-10-10,0.2962138571428572,0.023,0.975,14,75.690000000000012,81.750000000000014
507305,2024-10-11,0.025,0.024,0.026,16,35.09,74.297142857142859
507305,2024-10-12,0.025110777777777777,0.024,0.026,18,43.290000000000013,77.801428571428588
507305,2024-10-13,0.025166333333333332,0.024,0.026,18,70.79000000000002,84.2057142857143
507305,2024-10-14,0.37666644444444436,0.023,0.976,27,163.75999999999996,82.75
507305,2024-10-15,0.024562500000000004,0.024,0.026,96,119.38000000000001,85.531428571428577
507305,2024-10-16,0.0722974958677686,0.024,0.975,121,378.11999999999989,126.58857142857141
507305,2024-10-17,0.11086510112359549,0.025,0.974,89,1234.2,292.09
507305,2024-10-18,0.071481927710843357,0.024,0.975,83,198.79999999999998,315.47714285714284
507305,2024-10-19,0.025922999999999995,0.025,0.027,52,66.58,318.8042857142857
507305,2024-10-20,0.1978865,0.025,0.973003,44,975.83999999999992,448.09714285714284
507305,2024-10-21,0.09347619047619049,0.024,0.973003,42,1498.7399999999998,638.80857142857133
507305,2024-10-22,0.054599861538461539,0.024,0.974,65,524.38000000000011,696.66571428571422
507305,2024-10-23,0.024835950819672131,0.023,0.027,61,154.57000000000014,664.73
507305,2024-10-24,0.037906250000000016,0.021,0.977,64,415.23999999999978,547.73571428571427
507305,2024-10-25,0.17591071428571428,0.021,0.978,56,70.520000000000039,529.41
507305,2024-10-26,0.022297351351351354,0.021,0.024,37,18.480000000000004,522.53857142857134
507305,2024-10-27,0.047666666666666677,0.021,0.978,111,661.55999999999983,477.64142857142855
507305,2024-10-28,0.023207920792079208,0.021,0.025,101,31.75,268.07142857142856
507305,2024-10-29,0.14128101652892561,0.021,0.976,121,594.06999999999994,278.02714285714279
507305,2024-10-30,0.69700845665961919,0.021,0.978,473,2187287.6000000103,312725.60285714432
507305,2024-10-31,0.79496565972944944,0.02,0.978,961,5134643.8500000183,1046186.832857147
507305,2024-11-01,0.9125380723350256,0.021,0.978,788,5114320.4099999527,1776793.9599999974
507305,2024-11-02,0.84304961450381666,0.021,0.978,262,1529244.4399999953,1995254.8114285681
507305,2024-11-03,0.72044943820224694,0.021,0.978,89,453565.92999999976,2059955.4357142823
507305,2024-11-04,0.725673059440559,0.021,0.978,572,2921402.0600000005,2477294.0514285681
507305,2024-11-05,0.021502161572052408,0.02,0.024,229,202.03999999999962,2477238.047142854
507305,2024-11-06,0.74386678947368345,0.006,0.987,931,4849560.5700000189,2857562.7571428549
507305,2024-11-07,0.062059171339563846,0.007,0.99,321,5607.7200000000084,2124843.3099999954
507305,2024-11-08,0.077298996677740858,0.015,0.983,301,1887.7299999999984,1394495.7842857162
507305,2024-11-09,0.14911764117647058,0.017,0.982,170,1485.6699999999998,1176244.5314285741
507305,2024-11-10,0.055363639118457292,0.016,0.981,363,3418.7499999999995,1111937.7914285741
507305,2024-11-11,0.27439465779467676,0.015,0.984,263,8427.3299999999963,695798.544285717
507305,2024-11-12,0.1223028013468014,0.016,0.983,297,6934.2599999999984,696760.29000000271
507305,2024-11-13,0.10660673033707874,0.019,0.98,267,1201.76,4137.6028571428569
507305,2024-11-14,0.37281385869565237,0.018,0.981,736,1467686.2599999986,213005.96571428553
507305,2024-11-15,0.028761341142020495,0.018,0.981,683,546.070000000001,212814.29999999981
507305,2024-11-16,0.086638202247191043,0.018,0.981,445,907.08999999999958,212731.64571428552
507305,2024-11-17,0.047161184210526293,0.018,0.982,304,482.6399999999993,212312.20142857122
507305,2024-11-18,0.068844594594594549,0.017,0.982,444,885.25000000000068,211234.76142857122
507305,2024-11-19,0.069845177664974653,0.017,0.982,394,811.10000000000025,210360.02428571408
507305,2024-11-20,0.039604278074866328,0.016,0.982,374,2089.1800000000003,210486.79857142837
507305,2024-11-21,0.046375308641975296,0.019,0.98,405,1568.0699999999997,1041.3428571428572
507305,2024-11-22,0.31121669020866749,0.02,0.98,623,20192.590000000029,3847.9885714285756
507305,2024-11-23,0.18129552238805977,0.02,0.979,335,2471.5900000000006,4071.4885714285756
507305,2024-11-24,0.12409859154929576,0.019,0.98,213,794.16999999999962,4115.9928571428618
507305,2024-11-25,0.056604477611940311,0.02,0.98,268,629.50999999999954,4079.4585714285754
507305,2024-11-26,0.14213493734939733,0.019,0.98,415,1465.609999999999,4172.9600000000037
507305,2024-11-27,0.21973110301507529,0.019,0.98,398,535234.75000000047,80336.612857142929
507305,2024-11-28,0.46525811965812019,0.016,0.982,585,1822599.2900000038,340483.93000000063
507305,2024-11-29,0.020711111111111111,0.016,0.982,270,650.43000000000018,337692.19285714347
507305,2024-11-30,0.017950191570881225,0.017,0.019,261,353.25999999999993,337389.57428571489
507305,2024-12-01,0.024164383561643833,0.017,0.982,146,237.46,337310.04428571492
507305,2024-12-02,0.018093023255813953,0.017,0.019,172,236.49000000000007,337253.89857142919
507305,2024-12-03,0.018281882978723418,0.017,0.019,188,429.69999999999976,337105.911428572
507305,2024-12-04,0.042048780487804874,0.017,0.98,123,1785.6100000000001,260898.89142857198
507305,2024-12-05,0.028841698841698845,0.017,0.982,259,757.37999999999988,635.76142857142861
507305,2024-12-06,0.028054263565891469,0.019,0.977,129,516.79,616.67
507305,2024-12-07,0.043263736263736294,0.021,0.977,91,353.96000000000021,616.77
507305,2024-12-08,0.020239152173913047,0.019,0.023,92,93.130000000000038,596.1514285714286
507305,2024-12-09,0.023647999999999995,0.017,0.98,250,334.79,610.19428571428568
507305,2024-12-10,0.02387267904509284,0.018,0.982,377,779.75999999999976,660.20285714285717
507305,2024-12-11,0.035556383458646618,0.02,0.979,133,474.03000000000014,472.83428571428573
507305,2024-12-12,0.10329679144385025,0.014,0.984,374,8140.0800000000127,1527.5057142857161
507305,2024-12-13,0.020155124653739618,0.014,0.984,361,1304.6199999999965,1640.0528571428586
507305,2024-12-14,0.23169783453237411,0.015,0.984,139,26305.160000000003,5347.3671428571442
507305,2024-12-15,0.42468418421052639,0.019,0.982,76,1024.99,5480.4900000000016
507305,2024-12-16,0.1811274379084967,0.02,0.98,306,1638.5799999999992,5666.7457142857156
507305,2024-12-17,0.088861386138613913,0.019,0.98,505,1605.2199999999973,5784.6685714285732
507305,2024-12-18,0.22631107491856672,0.019,0.98,614,37096.6200000001,11016.467142857158
507305,2024-12-19,0.03573392974588939,0.019,0.98,1338,32934.979999999974,14558.595714285724
507305,2024-12-20,0.28115727948990421,0.019,0.981,941,41746.250000000007,20335.97142857144
507305,2024-12-21,0.075020793950850678,0.018,0.981,529,1691.8299999999983,16819.781428571438
507305,2024-12-22,0.020169520547945196,0.018,0.981,584,1115.7500000000016,16832.747142857155
507305,2024-12-23,0.025889759373251265,0.018,0.982,1787,2160.8300000000222,16907.3542857143
507305,2024-12-24,0.10179323308270677,0.017,0.982,266,1280.3799999999994,16860.948571428587
507305,2024-12-25,0.020612698412698423,0.017,0.983,315,1535.7100000000003,11780.818571428572
507305,2024-12-26,0.0614756229685807,0.016,0.983,923,6069.15999999998,7942.8442857142873
507305,2024-12-27,0.20702864201343296,0.015,0.984,12953,175664.96,27074.088571428572
507305,2024-12-28,0.0759479891365003,0.016,0.983,26879,231647.88999999952,59924.954285714215
507305,2024-12-29,0.042188884043223462,0.016,0.983,20637,77589.700000000143,70849.804285714243
507305,2024-12-30,0.038190866320571,0.018,0.981,12328,37295.389999999745,75869.027142857056
507305,2024-12-31,0.090159509202454011,0.017,0.982,163,6966.8400000000038,76681.37857142849
507305,2025-01-01,0.017666666666666664,0.017,0.018,24,67.580000000000013,76471.645714285623
507305,2025-01-02,0.018062499999999995,0.017,0.019,240,1087.4000000000003,75759.96571428563
507305,2025-01-03,0.020601371204701277,0.018,0.981,1021,2483.1400000000067,51019.705714285628
507305,2025-01-04,0.031166996047430832,0.018,0.982,1012,5664.2700000000432,18736.331428571419
507305,2025-01-05,0.02626377491207503,0.017,0.982,853,2805.6700000000178,8052.8985714285454
507305,2025-01-06,0.0243748894783378,0.017,0.983,1131,7146.1100000000106,3745.8585714285832
507305,2025-01-07,0.025903663500678437,0.016,0.983,1474,2268.6800000000108,3074.69285714287
507305,2025-01-08,0.017301369863013689,0.016,0.983,1241,2815.0300000000138,3467.1857142857289
507305,2025-01-09,0.1634767441860466,0.017,0.983,258,1094.08,3468.1400000000149
507305,2025-01-10,0.068187499999999984,0.017,0.983,1488,3258.949999999968,3578.9700000000093
507305,2025-01-11,0.069442190669371129,0.018,0.982,493,960.90999999999906,2907.0614285714314
507305,2025-01-12,0.044316321969696988,0.018,0.981,528,1532.2700000000066,2725.147142857144
507305,2025-01-13,0.0682394366197183,0.018,0.982,568,2339.4000000000046,2038.4742857142862
507305,2025-01-14,0.11842060085836907,0.018,0.982,466,3622.8100000000036,2231.9214285714279
507305,2025-01-15,0.069551319648093843,0.017,0.982,341,4188.4699999999939,2428.1271428571395
507305,2025-01-16,0.04700646203554118,0.018,0.982,619,1974.2600000000109,2553.8671428571411
507305,2025-01-17,0.033589440504334114,0.017,0.983,1269,1321.3800000000008,2277.0714285714312
507305,2025-01-18,0.0796517127725857,0.017,0.982,1605,2298.0100000000029,2468.0857142857176
507305,2025-01-19,0.057237194641449884,0.018,0.982,1269,776.65000000000418,2360.1400000000031
507305,2025-01-20,0.0822657843948167,0.016,0.983,3627,27153.019999999808,5904.9428571428316
507305,2025-01-21,0.12260419061498118,0.015,0.984,3431,25039.43999999997,8964.4614285713978
507305,2025-01-22,0.16868019480519489,0.013,0.988,1848,54694.82999999998,16179.655714285682
507305,2025-01-23,0.32631564482945263,0.041,0.958,1847,28420.459999999977,19957.684285714247
507305,2025-01-24,0.13981249999999992,0.041,0.958,256,1330.5099999999986,19958.988571428534
507305,2025-01-25,0.041931818181818188,0.041,0.043,44,206.36000000000007,19660.181428571392
507305,2025-01-26,0.24225750931677,0.04,0.959,1449,22793.759999999995,22805.482857142819
507305,2025-01-27,0.15150000000000002,0.041,0.959,50,929.06,19059.202857142845
507305,2025-01-28,0.23702127659574468,0.041,0.958,47,1116.91,15641.698571428564
507305,2025-01-29,0.29154189944134079,0.039,0.96,179,4855.9500000000007,8521.8585714285673
507305,2025-01-30,0.4571846815286626,0.049,0.95,157,5829.4800000000005,5294.5757142857137
507305,2025-01-31,0.4108143071428571,0.052,0.947,140,13210.019999999995,6991.64857142857
507305,2025-02-01,0.20778083561643834,0.054,0.946,146,8374.0600000000013,8158.4628571428557
507305,2025-02-02,0.21039476315789474,0.053,0.946,114,14195.729999999998,6930.1728571428566
507305,2025-02-03,0.23246664,0.053,0.946,75,1296.3699999999997,6982.6457142857134
507305,2025-02-04,0.053781818181818153,0.053,0.055,110,706.44,6924.0071428571418
507305,2025-02-05,0.21440778839088898,0.052,0.947,1361,12791.68999999994,8057.6842857142765
507305,2025-02-06,0.20399644633972971,0.052,0.948,1407,28974.740000000009,11364.149999999992
507305,2025-02-07,0.069248,0.053,0.945,250,1804.2899999999997,9734.7599999999929
507305,2025-02-08,0.32048867985611534,0.054,0.945,1946,31880.189999999937,13092.778571428555
507305,2025-02-09,0.35810030397727266,0.055,0.944,1408,15036.359999999997,13212.868571428555
507305,2025-02-10,0.071657992565055784,0.054,0.945,269,1844.7100000000007,13291.20285714284
507305,2025-02-11,0.30428929986789977,0.055,0.944,757,12683.630000000021,15002.229999999987
507305,2025-02-12,0.32486303829321694,0.058,0.941,2742,63072.369999999952,22185.184285714273
507305,2025-02-13,0.29625479392971221,0.065,0.935,1252,15352.700000000015,20239.178571428562
507305,2025-02-14,0.33535588728813548,0.071,0.927,1180,16093.400000000011,22280.479999999989
507305,2025-02-15,0.2599572368421052,0.068,0.931,608,111018.93999999994,33586.015714285706
507305,2025-02-16,0.33607079646017735,0.067,0.933,452,5673.5500000000029,32248.471428571422
507305,2025-02-17,0.31755030424242459,0.068,0.932,825,9500.8299999999927,33342.202857142845
507305,2025-02-18,0.37156352201257875,0.058,0.939,795,129866.06999999998,50082.551428571416
507305,2025-02-19,0.22490909090909089,0.066,0.934,77,824.4000000000002,41189.984285714279
507305,2025-02-20,0.1988046875,0.07,0.929,128,106739.23000000001,54245.202857142845
507305,2025-02-21,0.25565121951219516,0.058,0.94,410,11944.000000000004,53652.431428571421
507305,2025-02-22,0.41506451612903222,0.059,0.94,62,2412.4099999999994,38137.212857142855
507305,2025-02-23,0.20049122807017547,0.06,0.939,57,2500.46,37683.914285714287
507305,2025-02-24,0.062782608695652178,0.062,0.064,23,360.69,36378.18
507305,2025-02-25,0.34143956043956042,0.062,0.938,91,24314.32,21299.358571428573
507305,2025-02-26,0.49046664444444438,0.064,0.937,45,1235.3,21358.058571428573
507305,2025-02-27,0.13227450980392158,0.061,0.937,51,19019.95,8826.732857142857
507305,2025-02-28,0.1163703703703703,0.062,0.938,81,1593.5700000000004,7348.1
507305,2025-03-01,0.073985714285714252,0.06,0.939,140,4691.0300000000025,7673.6171428571433
507305,2025-03-02,0.25951612903225818,0.06,0.939,93,12369.559999999994,9083.48857142857
507305,2025-03-03,0.24918085106382978,0.061,0.938,94,4001.01,9603.5342857142859
507305,2025-03-04,0.46926023391812882,0.061,0.934,342,2927.1000000000013,6548.2171428571428
507305,2025-03-05,0.32104453643724729,0.009,0.985,494,5190.7800000000016,7113.2857142857147
507305,2025-03-06,0.27471,0.039,0.957,100,6059.380000000001,5261.7757142857145
507305,2025-03-07,0.48668484848484855,0.05,0.95,165,88103.160000000062,17620.28857142858
507305,2025-03-08,0.44770212765957457,0.053,0.946,188,104998.11999999997,31949.872857142862
507305,2025-03-09,0.45296491228070174,0.054,0.945,114,103604.99999999997,44983.507142857146
507305,2025-03-10,0.36574698795180721,0.052,0.947,166,1521.0999999999997,44629.234285714287
507305,2025-03-11,0.34896575114155232,0.051,0.947,438,125151.85000000002,62089.912857142859
507305,2025-03-12,0.33593200000000006,0.19,0.805,250,122737.26999999997,78882.268571428576
507305,2025-03-13,0.43361379310344844,0.202,0.797,145,7258.9400000000014,79053.634285714288
507305,2025-03-14,0.33352910052910062,0.204,0.795,189,6873.6499999999987,67449.418571428556
507305,2025-03-15,0.3634747373737372,0.21,0.789,99,120281.87,69632.811428571425
507305,2025-03-16,0.32366666666666677,0.213,0.785,42,114124.28,71135.565714285709
507305,2025-03-17,0.3836799999999998,0.213,0.786,125,1547.1099999999997,71139.281428571427
507305,2025-03-18,0.44313999999999981,0.213,0.786,150,3224.450000000003,53721.081428571422
507305,2025-03-19,0.44287999999999994,0.213,0.786,150,3036.3399999999997,36620.948571428569
507305,2025-03-20,0.3467184466019419,0.204,0.793,103,114866.73,51993.49
507305,2025-03-21,0.45233043478260876,0.209,0.792,115,113964.33000000003,67292.158571428576
507305,2025-03-22,0.38151515151515158,0.209,0.791,132,114161.14000000004,66417.768571428576
507305,2025-03-23,0.54042718446601923,0.209,0.789,103,4500.0599999999995,50757.165714285722
507305,2025-03-24,0.47269811320754712,0.203,0.788,159,2156.8300000000008,50844.268571428584
507305,2025-03-25,0.3883606557377049,0.214,0.785,122,2127.6700000000005,50687.585714285728
507305,2025-03-26,0.46004132231404943,0.215,0.784,121,2022.4899999999998,50542.750000000007
507305,2025-03-27,0.43707079646017688,0.216,0.783,113,4184.6599999999989,34731.025714285723
507305,2025-03-28,0.515752,0.221,0.779,125,115065.05999999998,34888.27285714286
507305,2025-03-29,0.46682051282051285,0.203,0.79,195,3702.9900000000025,19108.537142857142
507305,2025-03-30,0.4955075757575757,0.21,0.79,132,115542.28000000004,34971.711428571434
507305,2025-03-31,0.39094680851063829,0.214,0.786,94,2463.3499999999995,35015.500000000007
507305,2025-04-01,0.38320863309352504,0.213,0.786,139,1753.0600000000004,34961.984285714287
507305,2025-04-02,0.35786524822695043,0.215,0.784,141,113383.45999999995,50870.694285714286
507305,2025-04-03,0.43875102040816316,0.214,0.785,245,114414.04999999997,66617.75
507305,2025-04-04,0.4603384615384617,0.215,0.784,65,113117.85000000002,66339.577142857146
507305,2025-04-05,0.46986776859504137,0.217,0.783,121,2401.26,66153.615714285712
507305,2025-04-06,0.49008045977011488,0.215,0.784,87,1517.1099999999997,49864.305714285707
507305,2025-04-07,0.43962585034013624,0.214,0.785,147,1932.950000000003,49788.534285714275
507305,2025-04-08,0.356219387755102,0.216,0.784,196,5185.9600000000019,50278.948571428562
507305,2025-04-09,0.4595584415584415,0.195,0.806,231,3452.1200000000013,34574.471428571429
507305,2025-04-10,0.434972972972973,0.258,0.742,74,1369.75,18425.285714285717
507305,2025-04-11,0.39500000000000007,0.264,0.735,36,1408.5400000000002,2466.8128571428579
507305,2025-04-12,0.52755769230769234,0.262,0.737,52,1064.7400000000005,2275.8814285714293
507305,2025-04-13,0.29287500000000005,0.262,0.738,16,302.09,2102.3071428571438
507305,2025-04-14,0.49195505617977525,0.262,0.735,89,2596.54,2197.1057142857148
507305,2025-04-15,0.39724999999999977,0.19,0.774,244,7873.2400000000025,2581.0028571428579
507305,2025-04-16,0.53131578070175423,0.26,0.74,114,6359.79,2996.3842857142863
507305,2025-04-17,0.46844303797468362,0.272,0.728,79,31232.820000000007,7262.5371428571443
507305,2025-04-18,0.54304761904761911,0.271,0.728,42,118723.61999999998,24021.834285714285
507305,2025-04-19,0.26973076923076922,0.262,0.274,26,1651.92,24105.717142857142
507305,2025-04-20,0.41345454545454546,0.261,0.738,44,2439.7799999999988,24411.101428571426
507305,2025-04-21,0.26255555555555549,0.262,0.263,54,778.41000000000008,24151.368571428571
507305,2025-04-22,0.28259995555555556,0.257,0.739,45,3572.66,23536.999999999996
507305,2025-04-23,0.47676630434782596,0.262,0.735,184,1614.1299999999994,22859.048571428568
507305,2025-04-24,0.52035664335664344,0.263,0.737,143,1098.74,18554.179999999997
507305,2025-04-25,0.62717171717171716,0.264,0.736,99,118458.08999999997,18516.247142857137
507305,2025-04-26,0.49018181818181811,0.261,0.737,44,2767.2400000000011,18675.578571428567
507305,2025-04-27,0.50632432432432428,0.263,0.737,37,1140.2299999999998,18489.928571428565
507305,2025-04-28,0.39958793969849243,0.263,0.736,199,8401.59,19578.954285714281
507305,2025-04-29,0.48687583850931687,0.258,0.736,322,23761.220000000023,22463.034285714286
507305,2025-04-30,0.46795085749385762,0.357,0.642,407,18439.49,24866.657142857141
507305,2025-05-01,0.47914503816793913,0.411,0.588,131,3729.3999999999996,25242.465714285714
507305,2025-05-02,0.51173000000000024,0.41,0.589,100,3771.7200000000016,8858.6985714285747
507305,2025-05-03,0.47755555555555551,0.411,0.584,63,2151.6699999999992,8770.7600000000039
507305,2025-05-04,0.507521739130435,0.417,0.583,92,2220.49,8925.082857142861
507305,2025-05-05,0.51564285714285718,0.419,0.58,56,913.96,7855.4214285714324
507305,2025-05-06,0.4890058301158301,0.38,0.619,518,15076.28,6614.715714285715
507305,2025-05-07,0.47857205385735085,0.344,0.634,687,22798.210000000003,7237.39
507305,2025-05-08,0.48132404746317548,0.385,0.618,611,307544.75,50639.582857142857
507305,2025-05-09,0.4814143457019171,0.399,0.599,1617,54887.970000000052,57941.904285714292
507305,2025-05-10,0.47289354598117317,0.41,0.59,1381,12700.470000000001,59448.875714285721
507305,2025-05-11,0.52277639751552762,0.414,0.587,161,2684.719999999998,59515.194285714293
507305,2025-05-12,0.53347727272727274,0.414,0.586,88,160225.04,82273.920000000013
507305,2025-05-13,0.50084489795918385,0.415,0.585,245,5907.2100000000009,80964.052857142873
507305,2025-05-14,0.46589440372670804,0.416,0.584,161,1528.5299999999988,77925.527142857158
507305,2025-05-15,0.4842186836518047,0.416,0.586,942,7340.7199999999966,35039.23714285715
507305,2025-05-16,0.528074074074074,0.415,0.586,27,1052.62,27348.472857142857
507305,2025-05-17,0.58349999999999991,0.415,0.587,70,3256.9300000000003,25999.395714285714
507305,2025-05-18,0.54558885833333337,0.413,0.587,360,10232.819999999991,27077.695714285714
507305,2025-05-19,0.537251993620414,0.412,0.588,627,19183.429999999975,6928.89428571428
507305,2025-05-20,0.55959457387580358,0.413,0.588,1401,34513.400000000023,11015.492857142855
507305,2025-05-21,0.57235026041666615,0.415,0.585,768,18191.439999999988,13395.908571428568
507305,2025-05-22,0.53846460176991184,0.414,0.588,904,20413.650000000034,15263.470000000001
507305,2025-05-23,0.57584848363636387,0.413,0.588,825,26586.099999999951,18911.109999999993
507305,2025-05-24,0.51664847720994578,0.413,0.588,1448,30228.579999999918,22764.202857142842
507305,2025-05-25,0.56584766980286683,0.413,0.588,2232,49597.239999999969,28387.691428571408
507305,2025-05-26,0.47458407079645992,0.413,0.587,791,26037.680000000018,29366.869999999984
507305,2025-05-27,0.55776943851717919,0.402,0.599,1106,108500.41999999977,39936.444285714235
507305,2025-05-28,0.50445925925925938,0.406,0.593,135,16631.11,39713.53999999995
507305,2025-05-29,0.47208727810650858,0.406,0.593,676,21214.090000000033,39827.888571428521
507305,2025-05-30,0.46483489096573166,0.402,0.598,642,87562.389999999956,48538.787142857094
507305,2025-05-31,0.5526958538860115,0.001,0.999,1930,781987.37999999954,155932.90142857132
507319,2024-09-17,0.0063999999999999994,0.001,0.01,5,0.77,0.77
507319,2024-09-18,0.1148,0.001,0.998,35,28.89,14.83
507319,2024-09-19,0.085249999999999992,0.002,0.997,48,91.95,40.536666666666669
507319,2024-09-20,0.0022419354838709681,0.002,0.003,62,6.8799999999999972,32.1225
507319,2024-09-21,0.0025818181818181812,0.002,0.003,55,6.6999999999999966,27.038
507319,2024-09-22,0.0023815789473684203,0.002,0.003,76,6.7799999999999967,23.661666666666665
507319,2024-09-23,0.0848343949044586,0.002,0.997,157,2021.8200000000002,309.11285714285714
507319,2024-09-24,0.11717948717948717,0.002,0.997,78,1003.8699999999999,452.41285714285715
507319,2024-09-25,0.0024642857142857144,0.002,0.003,28,5.9599999999999982,449.13714285714286
507319,2024-09-26,0.0024999999999999996,0.002,0.003,28,3.7899999999999987,436.54285714285714
507319,2024-09-27,0.038166666666666668,0.002,0.997,84,2414.1600000000003,780.44
507319,2024-09-28,0.0023571428571428571,0.002,0.003,28,18.870000000000005,782.17857142857144
507319,2024-09-29,0.0022121212121212121,0.002,0.003,66,10.149999999999991,782.66000000000008
507319,2024-09-30,0.02354736842105264,0.002,0.997,95,1396.19,693.28428571428572
507319,2024-10-01,0.026058823529411766,0.002,0.997,85,1079.24,704.05142857142857
507319,2024-10-02,0.00261142857142857,0.002,0.003,175,290.84999999999997,744.75
507319,2024-10-03,0.0692089552238806,0.002,0.997,134,1631.0200000000004,977.21142857142866
507319,2024-10-04,0.0023841059602649007,0.002,0.003,151,234.44000000000014,665.82285714285717
507319,2024-10-05,0.0022708333333333339,0.002,0.003,48,30.639999999999997,667.50428571428574
507319,2024-10-06,0.0025283018867924526,0.002,0.003,106,129.67999999999995,684.58
507319,2024-10-07,0.0025,0.002,0.003,100,115.19999999999996,501.58142857142866
507319,2024-10-08,0.0024649122807017545,0.001,0.003,114,52.86,354.95571428571435
507319,2024-10-09,0.0023956043956043969,0.002,0.003,182,73.920000000000073,323.96571428571434
507319,2024-10-10,0.23535585585585578,0.002,0.997,222,1306.5499999999997,277.61285714285714
507319,2024-10-11,0.0025027322404371577,0.002,0.003,183,43.599999999999994,250.34999999999997
507319,2024-10-12,0.002516339869281045,0.002,0.003,153,11.229999999999986,247.5771428571428
507319,2024-10-13,0.00248936170212766,0.002,0.003,94,26.289999999999981,232.80714285714282
507319,2024-10-14,0.002494623655913979,0.002,0.003,93,5.6899999999999933,217.16285714285712
507319,2024-10-15,0.011326086956521741,0.002,0.997,230,2213.3099999999977,525.79857142857111
507319,2024-10-16,0.007302272727272731,0.002,0.996,440,4093.6599999999976,1100.047142857142
507319,2024-10-17,0.010255223880597015,0.002,0.997,670,3601.9000000000046,1427.9542857142858
507319,2024-10-18,0.0057975830815709993,0.002,0.997,331,818.04999999999961,1538.59
507319,2024-10-19,0.0079896373056994856,0.002,0.997,386,9304.2399999999925,2866.162857142856
507319,2024-10-20,0.0069541666666666667,0.002,0.997,480,3258.4499999999985,3327.8999999999987
507319,2024-10-21,0.0024,0.002,0.003,95,14.379999999999994,3329.1414285714272
507319,2024-10-22,0.0030996082820369327,0.002,0.997,1787,8276.8700000003046,4195.3642857143286
507319,2024-10-23,0.02162831147979663,0.002,0.997,3737,19526.259999999827,6400.0214285714464
507319,2024-10-24,0.00429663463662469,0.002,0.997,4527,19917.889999999781,8730.877142857129
507319,2024-10-25,0.00809604519774011,0.002,0.996,1062,1385.69,8811.968571428557
507319,2024-10-26,0.0050150753768844142,0.002,0.997,2587,1379.9400000000087,7679.9257142857032
507319,2024-10-27,0.0034436450839328524,0.003,0.004,417,138.50000000000009,7234.2185714285606
507319,2024-10-28,0.0034994984954864628,0.003,0.004,1994,865.719999999991,7355.8385714285587
507319,2024-10-29,0.0034083930399181153,0.002,0.004,977,297.96000000000009,6215.99428571423
507319,2024-10-30,0.0034991484530229894,0.003,0.004,7046,789.32999999998469,3539.2899999999668
507319,2024-10-31,0.010884805456949967,0.003,0.996,14367,6670.259999999972,1646.7714285714223
507319,2024-11-01,0.0035022145669291386,0.003,0.004,4064,794.09999999998456,1562.2585714285631
507319,2024-11-02,0.0035032751091703114,0.003,0.004,1832,482.86999999999955,1434.1057142857046
507319,2024-11-03,0.0035054413542926206,0.003,0.004,827,42.929999999999772,1420.4528571428473
507319,2024-11-04,0.0034894076956333807,0.003,0.004,2313,331.97999999999593,1344.2042857142767
507319,2024-11-05,0.0034648786717752221,0.003,0.004,2349,384.23999999999592,1356.5299999999904
507319,2024-11-06,0.0047694974003466249,0.003,0.996,2308,2769.8000000000156,1639.4542857142806
507319,2024-11-07,0.0034085365853658571,0.003,0.004,1148,372.219999999999,739.73428571428428
507319,2024-11-08,0.0034040524433849831,0.003,0.004,839,110.09000000000002,642.01857142857227
507319,2024-11-09,0.040373828470380145,0.003,0.996,5655,11608.710000000165,2231.42428571431
507319,2024-11-10,0.006735105763632834,0.004,0.995,5153,2933.2799999999947,2644.3314285714523
507319,2024-11-11,0.0053305954825462014,0.004,0.006,487,538.38999999999953,2673.8185714285955
507319,2024-11-12,0.013160439560439554,0.004,0.996,455,243.31999999999994,2653.6871428571676
507319,2024-11-13,0.0043719008264462818,0.004,0.005,363,87.279999999999959,2270.4700000000225
507319,2024-11-14,0.004385906040268458,0.004,0.005,596,102.85000000000008,2231.9885714285942
507319,2024-11-15,0.0059067669172932318,0.004,0.996,665,273.51999999999964,2255.3357142857371
507319,2024-11-16,0.0044207746478873182,0.004,0.005,568,240.08999999999955,631.247142857142
507319,2024-11-17,0.0043597560975609743,0.004,0.005,328,160.07,235.07428571428554
507319,2024-11-18,0.0044392523364485915,0.004,0.005,642,286.96999999999963,199.15714285714267
507319,2024-11-19,0.0045403225806451607,0.004,0.005,744,539.21000000000072,241.4271428571428
507319,2024-11-20,0.0044846846846846892,0.004,0.005,555,359.90000000000077,280.37285714285719
507319,2024-11-21,0.0044787234042553189,0.004,0.005,658,304.83999999999958,309.2285714285714
507319,2024-11-22,0.0042790697674418609,0.004,0.005,860,310.1799999999991,314.46571428571417
507319,2024-11-23,0.01691711711711711,0.004,0.995,555,1798.0400000000002,537.03
507319,2024-11-24,0.0044134615384615414,0.004,0.005,416,308.10999999999996,558.17857142857144
507319,2024-11-25,0.0044461247637051079,0.004,0.005,529,371.60000000000019,570.26857142857148
507319,2024-11-26,0.0043039215686274512,0.004,0.005,714,406.48999999999847,551.30857142857121
507319,2024-11-27,0.0044587280108254407,0.004,0.005,739,307.36999999999995,543.80428571428536
507319,2024-11-28,0.0044009433962264163,0.004,0.005,636,383.21999999999997,555.00142857142828
507319,2024-11-29,0.0044685714285714285,0.004,0.005,525,345.45999999999947,560.04142857142836
507319,2024-11-30,0.0044775280898876405,0.004,0.005,534,333.15999999999974,350.77285714285682
507319,2024-12-01,0.0045013774104683242,0.004,0.005,363,180.14999999999975,332.49285714285679
507319,2024-12-02,0.004470588235294116,0.004,0.005,357,136.00999999999976,298.83714285714245
507319,2024-12-03,0.00447058823529412,0.004,0.005,459,1051.6900000000014,391.00857142857143
507319,2024-12-04,0.03415568862275449,0.004,0.995,334,2280.2999999999997,672.85571428571427
507319,2024-12-05,0.010016917293233087,0.004,0.996,532,11027.920000000002,2193.5271428571432
507319,2024-12-06,0.0044416403785488895,0.004,0.005,317,273.56,2183.2557142857145
507319,2024-12-07,0.004568,0.004,0.005,250,666.74999999999977,2230.911428571429
507319,2024-12-08,0.0071898395721925051,0.004,0.996,374,622.46999999999889,2294.1000000000004
507319,2024-12-09,0.026249292006525284,0.002,0.997,613,595.40999999999678,2359.7285714285713
507319,2024-12-10,0.002312925170068026,0.002,0.003,588,93.269999999999911,2222.8114285714282
507319,2024-12-11,0.024564356435643565,0.001,0.999,404,803.48999999999978,2011.838571428571
