trade_date,price_volatility,avg_price_deviation,max_price_deviation,matched_trades,rolling_7d_avg_deviation
2024-09-17,0,0,0,7,0
2024-09-18,0.16243102197054515,0.027117647058823528,0.92199999999999993,34,0.013558823529411764
2024-09-19,0.0010596258856520348,0,0,39,0.00903921568627451
2024-09-20,0.48547902856816294,0.4325,0.968,40,0.11490441176470588
2024-09-21,0.49488548293834828,0.38359999999999994,0.96,10,0.16864352941176469
2024-09-22,0.46266325584780166,0.61471428571428566,0.968,56,0.24298865546218484
2024-09-23,0.40037600302723769,0.7743998666666666,0.968,15,0.31890454277711083
2024-09-24,0.42311368973887437,0.21266666666666667,0.964,9,0.34928549515806318
2024-09-25,0.0012649110640673528,0,0,6,0.34541154557823128
2024-09-26,0.0020816659994661322,0,0,3,0.34541154557823128
2024-09-27,0.0017320508075688765,0,0,4,0.283625831292517
2024-09-28,0.00035355339059327419,0,0,8,0.228825831292517
2024-09-29,0.0004082482904638627,0,0,24,0.14100950476190474
2024-09-30,0.00035151411270185288,0,0,15,0.03038095238095238
2024-10-01,0.0005163977794943208,0,0,15,0
2024-10-02,0.15172880572852629,0.02375609756097561,0.974,41,0.0033937282229965157
2024-10-03,0.23446708191129945,0.058666666666666652,0.968,33,0.011774680603948895
2024-10-04,0.00038867138949330262,0,0,73,0.011774680603948895
2024-10-05,0.0010377490433255425,0,0,14,0.011774680603948895
2024-10-06,0.0016241745361288992,0,0,15,0.011774680603948895
2024-10-07,0.00095949722283856489,0,0,28,0.011774680603948895
2024-10-08,0.00037796447300922619,0,0,7,0.011774680603948895
2024-10-09,0.11272600928363466,0.013249999999999998,0.954,72,0.010273809523809522
2024-10-10,0.001195228720889059,0,0,15,0.0018928571428571425
2024-10-11,0.0015491933384829666,0,0,6,0.0018928571428571425
2024-10-12,0.0019359754647205625,0,0,9,0.0018928571428571425
2024-10-13,0.27596505478493211,0.083130434782608717,0.956,23,0.013768633540372674
2024-10-14,0.0013299011330380598,0,0,31,0.013768633540372674
2024-10-15,0.0012247848594541214,0,0,56,0.013768633540372674
2024-10-16,0.12248161014730118,0.015801652892561982,0.956,121,0.014133155382167242
2024-10-17,0.0004980524322884273,0,0,167,0.014133155382167242
2024-10-18,0.088921677714808051,0.008258620689655171,0.958,116,0.015312958337832267
2024-10-19,0.17061522126006703,0.030903225806451606,0.958,62,0.019727704881611068
2024-10-20,0.24416576267309389,0.065318181818181817,0.958,44,0.017183097315264368
2024-10-21,0.33121543007970139,0.12986363636363638,0.956,44,0.03573504536721242
2024-10-22,0.0036288187777395115,0,0,29,0.03573504536721242
2024-10-23,0.0030970482627702121,0,0,42,0.033477666382560708
2024-10-24,0.21929315845195452,0.052629629629629616,0.95,54,0.04099618490107923
2024-10-25,0.19105325785007493,0.039416666666666655,0.948,48,0.045447334326366579
2024-10-26,0.39940924354806823,0.21358490566037733,0.95,53,0.071544717162641686
2024-10-27,0.0016235873971043372,0,0,111,0.062213548331472857
2024-10-28,0.0015071403316236234,0,0,86,0.0436616002795248
2024-10-29,0.40522410138652221,0.22352941176470589,0.95,102,0.0755943733887685
2024-10-30,0.47236450767208144,0.519571906354515,0.948,299,0.14981893143941349
2024-10-31,0.3454852494453266,0.14993898983050846,0.944002,295,0.16372026861096761
2024-11-01,0.27793069011268989,0.088046511627906957,0.948,43,0.17066738931971623
2024-11-02,0.00206155281280883,0,0,4,0.14015525993966232
2024-11-03,0.47791354031694139,0.34418163636363636,0.9479979999999999,11,0.18932406513446753
2024-11-04,0.38501337239867611,0.19549192063492057,0.95,126,0.2172514823680276
2024-11-05,0.053457516826059814,0.0029999999999999983,0.948,316,0.18574728068735533
2024-11-06,0.29686117761500819,0.10123849541284406,0.97,218,0.12598536483854519
2024-11-07,0.13229351466291325,0.018323809523809534,0.972,315,0.1071831962233025
2024-11-08,0.4472508352689385,0.67033158041958052,0.972,286,0.19036677747925587
2024-11-09,0.09105906188271494,0.008654451009723254,0.966,5348,0.19160312762350204
2024-11-10,0.065701859107650876,0.0045074690567648342,0.962,4686,0.14307824657966325
2024-11-11,0.066233963483684127,0.0045471698113207521,0.964,212,0.11580042503343471
2024-11-12,0.13879407980677522,0.020341920374707247,0.966,427,0.11827784222982146
2024-11-13,0.20204851643590815,0.0441948424068768,0.964,349,0.11012874894325471
2024-11-14,0.00048886189506301865,0,0,623,0.10751106186842477
2024-11-15,0.22574504634614581,0.056061495145631059,0.964,618,0.019758192543574849
2024-11-16,0.19061028631369512,0.03923255813953485,0.964,516,0.024126493562119364
2024-11-17,0.059015274024766667,0.0036104868913857673,0.964,267,0.023998353252779495
2024-11-18,0.11654353425356317,0.014273026315789462,0.966,608,0.025387761324846454
2024-11-19,0.22019571896680545,0.053134693877551029,0.966,490,0.03007244325382414
2024-11-20,0.35385200929314703,0.15439062500000003,0.964,512,0.0458146979099846
2024-11-21,0.069392217813061888,0.0050069204152249167,0.966,578,0.046529972255016733
2024-11-22,0.30606410521832328,0.10922110552763815,0.966,796,0.05412420230958917
2024-11-23,0.43350535740056251,0.26893094877505541,0.966,449,0.086938258114663533
2024-11-24,0.0005575639596382267,0,0,341,0.086422474273037
2024-11-25,0.00049655923344471228,0,0,401,0.084383470513638509
2024-11-26,0.054735532385981424,0.0031025641025641004,0.968,624,0.077236023402926082
2024-11-27,0.17828689260145419,0.033964908771929786,0.968,570,0.060032349656058907
2024-11-28,0.31488145667250528,0.11570712909441244,0.98,519,0.075846665181657127
2024-11-29,0.00097858787453550581,0,0,448,0.060243650106280251
2024-11-30,0.046444926306854838,0.0022081447963800938,0.976,442,0.022140392395040918
2024-12-01,0.062129062124608468,0.0039514170040485831,0.976,247,0.02270488053847643
2024-12-02,0.085484758195533084,0.0075269922879177371,0.976,389,0.023780165151036106
2024-12-03,0.00078833372130989983,0,0,480,0.023336941707812663
2024-12-04,0.062249719238112025,0.0039755600814663982,0.976,491,0.019052749037746466
2024-12-05,0.24328919193821402,0.064799382716049417,0.978,648,0.011780213840837462
2024-12-06,0.48372708689302535,0.42703726708074524,0.976,322,0.072785537709515347
2024-12-07,0.39358446094006183,0.20053201970443352,0.976,203,0.10111751983923727
2024-12-08,0.3170525806999237,0.11775000000000006,0.97,304,0.11737446026723033
2024-12-09,0.24105229005918966,0.063895833333333318,0.972,288,0.12542715184514686
2024-12-10,0.23392700066717889,0.059788395904436846,0.974,586,0.1339683512600664
2024-12-11,0.17432194137519189,0.032288888888888881,0.972,360,0.13801311251826962
2024-12-12,0.33996774742794755,0.14037704918032795,0.966,610,0.14880992201316653
2024-12-13,0.36886698900601284,0.171418410041841,0.964,478,0.11229294243618022
2024-12-14,0.14041648581569616,0.020851985559566789,0.964,277,0.086624366129770689
2024-12-15,0.12556807032666181,0.016592734225621419,0.966,523,0.072173328162002309
2024-12-16,0.33198369081632623,0.13242842142107075,0.97,2857,0.081963697888821949
2024-12-17,0.36223513043469213,0.16257076326002592,0.976,3865,0.096646893225334679
2024-12-18,0.21474333480738489,0.050362033195020729,0.968,3856,0.0992287709833535
2024-12-19,0.1180072685688332,0.014613147655130039,0.97,4883,0.081262499336896665
2024-12-20,0.13457124353921968,0.01907952973720603,0.97,5784,0.05949980215052024
2024-12-21,0.091800601851839511,0.0087876248216833437,0.972,11216,0.057776322045108318
2024-12-22,0.047571101015820662,0.0023299427301478703,0.976,11699,0.055738780402897814
2024-12-23,0.05631427691591185,0.0032768079800498738,0.974,6817,0.0372885499113234
2024-12-24,0.045115908576444749,0.0021055299122092505,0.97,11049,0.014364945147349591
2024-12-25,0.0806202054015238,0.0067741342323015636,0.97,6526,0.00813810243838971
2024-12-26,0.14441520663690438,0.022125927203726071,0.97,5797,0.009211356659617715
2024-12-27,0.067159096692913575,0.0047021987413565329,0.966,12871,0.0071574522316392155
2024-12-28,0.052894953618446879,0.0029066886870354985,0.96,3633,0.0063173184981180942
2024-12-29,0.11963343302680113,0.014964936886395518,0.97,1426,0.00812231766329633
2024-12-30,0.21514994690621617,0.050299949161159159,0.97,1967,0.014839909260597656
2024-12-31,0.1138563105845766,0.01353992183137913,0.97,1791,0.016473393820479066
2025-01-01,0.090990100289759054,0.00859493670886078,0.97,790,0.016733508459987528
2025-01-02,0.14020075384211314,0.020739534883720951,0.968,1720,0.016535452414272511
2025-01-03,0.20460768586083761,0.045581961484264889,0.966,2129,0.022375418520402274
2025-01-04,0.31978398415847387,0.12175972588832491,0.964,1182,0.039354423834872192
2025-01-05,0.079748068744140713,0.0066467432950191542,0.964,1305,0.038166110464675565
2025-01-06,0.04165496295041303,0.0018046038543897171,0.964,3736,0.031238203992279934
2025-01-07,0.22266973681294885,0.054528484848484833,0.964,2475,0.0370937129947236
2025-01-08,0.27202559756570532,0.083923450789793477,0.966,1646,0.047854929291999707
2025-01-09,0.00048162716760515614,0,0,191,0.044892138594325282
2025-01-10,0.13263644218176121,0.01853053783044669,0.968,1097,0.041027649500922685
2025-01-11,0.19632361376875268,0.041588148148148138,0.968,675,0.029574566966611714
2025-01-12,0.31811661422515575,0.11857028112449801,0.968,498,0.045563643799394413
2025-01-13,0.00049726816959263923,0,0,751,0.045305843248767304
2025-01-14,0.18661134028440468,0.037087719298245621,0.976,684,0.042814305313018851
2025-01-15,0.10514889119046802,0.011441406249999985,0.978,512,0.032459727521619776
2025-01-16,0.13571527084159887,0.019237844940867267,0.976,761,0.035207991084600813
2025-01-17,0.23462868656572416,0.060114537444933856,0.976,1135,0.041148562458098982
2025-01-18,0.17203099114733772,0.031317894736842107,0.976,1900,0.039681383399340978
2025-01-19,0.17166972364841851,0.031188475892298069,0.978,1597,0.027198268366169558
2025-01-20,0.09181270466162085,0.0087263570229434827,0.976,1787,0.028444890798018627
2025-01-21,0.1709509846798449,0.030991753710830114,0.974,1819,0.027574038571244984
2025-01-22,0.2084470418822868,0.046917532070861336,0.974,1637,0.032642056545653747
2025-01-23,0.25122302161754673,0.069886374492753575,0.976,1725,0.039877560767351793
2025-01-24,0.00061556158440504675,0,0,198,0.031289769703789813
2025-01-25,0.22236405459977651,0.053837953091684453,0.972,1407,0.034506920897338721
2025-01-26,0.23723004559147573,0.061866853538892722,0.972,1427,0.038889546275423667
2025-01-27,0.37821786329135226,0.177718309859155,0.972,71,0.063031253823453884
2025-01-28,0.00063599306559677146,0,0,40,0.058603860436192437
2025-01-29,0.3861897555280252,0.1915542409638554,0.97,166,0.079266247420905878
2025-01-30,0.35990157501097547,0.15995555555555546,0.962,90,0.092133273287020437
2025-01-31,0.46989264460502783,0.36664705882352927,0.96,68,0.14451142454752461
2025-02-01,0.34529371567575246,0.14293604255319145,0.96,47,0.1572397230420256
2025-02-02,0.29100596529407208,0.095999999999999988,0.96,50,0.16211588682218381
2025-02-03,0.11734080413389751,0.014328358208955224,0.96,67,0.13877446515786954
2025-02-04,0.25839704546395337,0.074939130434782592,0.958,115,0.14948005521998134
2025-02-05,0.31799139455480041,0.12084365287915666,0.96,1233,0.13937854263645294
2025-02-06,0.13064545205699679,0.018166281868566905,0.956002,1263,0.1191229321097403
2025-02-07,0.096019683794215271,0.0097275985663082317,0.958,1674,0.06813443778728015
2025-02-08,0.041763701645998436,0.0018247619047619028,0.958,1575,0.047975683408933073
2025-02-09,0.29720793810984086,0.10343291539528435,0.958,1442,0.049037528465402269
2025-02-10,0.37066515810891137,0.17685782388419757,0.954,1658,0.072256023561865459
2025-02-11,0.4222013489079583,0.25387411267605564,0.966,2059,0.097818163882047324
2025-02-12,0.37866239359708326,0.18655107233669438,0.962,2281,0.107204938090267
2025-02-13,0.19629236178886272,0.04219959812458135,0.956,1493,0.11063826898398335
2025-02-14,0.32685595838046566,0.12912682926829272,0.958,820,0.12769530194140971
2025-02-15,0.3676881728630324,0.17205352798053516,0.956,411,0.1520136970950916
2025-02-16,0.24815977326680183,0.069106382978723388,0.956,235,0.1471099067498686
2025-02-17,0.11685738748100546,0.014375939849624066,0.956,133,0.12389820903064382
2025-02-18,0.18711434457622905,0.037994708994709026,0.958,378,0.093058294219022869
2025-02-19,0.24408299144780904,0.067059615384615356,0.958,1040,0.07598808608301158
2025-02-20,0.41397689655375336,0.23869886363636372,0.956,352,0.10405940972755193
2025-02-21,0.3444200474320871,0.14704947526236853,0.954,667,0.10661978772670561
2025-02-22,0.26454807757491039,0.079913043478260781,0.954,322,0.093456861369237837
2025-02-23,0.00049658699082414813,0,0,49,0.083584520943705928
2025-02-24,0.23169567199130825,0.05994793926247291,0.956,461,0.090094806574112909
2025-02-25,0.14161194931383714,0.021443868739205518,0.958,579,0.087730400823326685
2025-02-26,0.13210814750494224,0.01862674094707522,0.956,718,0.080811418760820958
2025-02-27,0.17368503198003812,0.03270212765957449,0.954,846,0.051383313621279639
2025-02-28,0.13246623048861608,0.018739008419083249,0.954,1069,0.03305324692938174
2025-03-01,0.082461667144874587,0.0071729323308270688,0.954,1330,0.02266180247974835
2025-03-02,0.075904878943829121,0.0060687022900763384,0.954,786,0.023528759949759257
2025-03-03,0.11293152152500703,0.01351841359773371,0.956,353,0.016895970569082229
2025-03-04,0.16880733267344084,0.030843195266272185,0.954,676,0.018238731501520323
2025-03-05,0.45203247418427944,0.33603619909502253,0.946,884,0.063582939808369932
2025-03-06,0.43063405685867395,0.270775956284153,0.956,183,0.097593486754738293
2025-03-07,0.00073556053213240044,0,0,147,0.094916485552012125
2025-03-08,0.3159941126359247,0.11948987854251006,0.954,247,0.11096176358225254
2025-03-09,0.2106043758610128,0.049105367793240588,0.95,503,0.11710985865413316
2025-03-10,0.458122817272084,0.34126213592232996,0.95,103,0.16393039041478977
2025-03-11,0.42287330126005412,0.25768052516411361,0.95,457,0.19633572325733853
2025-03-12,0.391874327525826,0.20689575289575321,0.952,518,0.17788708808601436
2025-03-13,0.43659045561687448,0.29222988505747111,0.944,261,0.18095193505363122
2025-03-14,0.2464311548552609,0.068846715328467145,0.944,137,0.19078718010055509
2025-03-15,0.32722075228008918,0.13167154105736784,0.944,889,0.19252741760267764
2025-03-16,0.28242115863242884,0.093712204007285985,0.944,1098,0.19889982277611271
2025-03-17,0.32033263963675018,0.12522448979591835,0.944,1274,0.16803730190091104
2025-03-18,0.1375549103598652,0.020468343451864685,0.944,1153,0.13414984737058977
2025-03-19,0.17115732826229008,0.032109815354713266,0.946,2058,0.10918042772186977
2025-03-20,0.00050003573533639531,0,0,1867,0.067433301285088176
2025-03-21,0.090509913654564761,0.0087452393206381863,0.944,1943,0.058847376141112615
2025-03-22,0.27187980034346532,0.086007625272331245,0.946,1836,0.0523239596003931
2025-03-23,0.386422170046093,0.20030008284023668,0.946,2366,0.067550799433671774
2025-03-24,0.15567621583659694,0.0263095238095238,0.948,2016,0.05342009000704398
2025-03-25,0.36628850898679044,0.17333714464099892,0.95,1922,0.0752584901769203
2025-03-26,0.384851696516107,0.19745463352127135,0.95,1951,0.09887917848642859
2025-03-27,0.1742585350609055,0.033244143033292227,0.946,1622,0.10362834177689892
2025-03-28,0.23021376279631359,0.059753246753246753,0.946,1694,0.11091519998155729
2025-03-29,0.12697687463364032,0.017341340075853327,0.946,1582,0.10110573066777472
2025-03-30,0.138551892808419,0.020743219849971149,0.946,1733,0.075454750240593935
2025-03-31,0.21224627992612061,0.050235443378119006,0.946,1563,0.078872738750393245
2025-04-01,0.12986011549019366,0.018140326009922044,0.948,1411,0.056701764660239407
2025-04-02,0.29233578959878392,0.10080845522388053,0.948,1608,0.042895167760612148
2025-04-03,0.00089818836177280265,0,0,1816,0.038146004470141832
2025-04-04,0.20103771093447864,0.044670157068062877,0.948,764,0.035991277372258421
2025-04-05,0.00049126543230163021,0,0,239,0.033513943075707944
2025-04-06,0.20552499064864649,0.046568627450980428,0.95,204,0.037203287018709272
2025-04-07,0.39225814112056656,0.20503597122302158,0.95,139,0.059317648139409637
2025-04-08,0.34758015906838613,0.15048257372654159,0.96,373,0.078223683527498145
2025-04-09,0.44331755673269407,0.30157110158013517,0.996,443,0.10690406157839166
2025-04-10,0.436238662385415,0.25957893233082713,0.988,133,0.14398676619708126
2025-04-11,0.23565700232464359,0.059277108433734939,0.984,83,0.14607347353503441
2025-04-12,0.33726567335543889,0.1294736842105263,0.984,38,0.16456971413653818
2025-04-13,0.34756011178577084,0.14319791666666662,0.984,192,0.17837389831020761
2025-04-14,0.45108071666979338,0.2986428571428571,0.984,196,0.19174631058446984
2025-04-15,0.29718000712526249,0.099851106639839066,0.998,497,0.18451324385779805
