market_id,trade_date,price_volatility,avg_price_deviation,max_price_deviation,matched_trades,rolling_7d_avg_deviation
507286,2024-09-17,0,0,0,7,0
507286,2024-09-18,0.16243102197054515,0.027117647058823528,0.92199999999999993,34,0.013558823529411764
507286,2024-09-19,0.0010596258856520348,0,0,39,0.00903921568627451
507286,2024-09-20,0.48547902856816294,0.4325,0.968,40,0.11490441176470588
507286,2024-09-21,0.49488548293834828,0.38359999999999994,0.96,10,0.16864352941176469
507286,2024-09-22,0.46266325584780166,0.61471428571428566,0.968,56,0.24298865546218484
507286,2024-09-23,0.40037600302723769,0.7743998666666666,0.968,15,0.31890454277711083
507286,2024-09-24,0.42311368973887437,0.21266666666666667,0.964,9,0.34928549515806318
507286,2024-09-25,0.0012649110640673528,0,0,6,0.34541154557823128
507286,2024-09-26,0.0020816659994661322,0,0,3,0.34541154557823128
507286,2024-09-27,0.0017320508075688765,0,0,4,0.283625831292517
507286,2024-09-28,0.00035355339059327419,0,0,8,0.228825831292517
507286,2024-09-29,0.0004082482904638627,0,0,24,0.14100950476190474
507286,2024-09-30,0.00035151411270185288,0,0,15,0.03038095238095238
507286,2024-10-01,0.0005163977794943208,0,0,15,0
507286,2024-10-02,0.15172880572852629,0.02375609756097561,0.974,41,0.0033937282229965157
507286,2024-10-03,0.23446708191129945,0.058666666666666652,0.968,33,0.011774680603948895
507286,2024-10-04,0.00038867138949330262,0,0,73,0.011774680603948895
507286,2024-10-05,0.0010377490433255425,0,0,14,0.011774680603948895
507286,2024-10-06,0.0016241745361288992,0,0,15,0.011774680603948895
507286,2024-10-07,0.00095949722283856489,0,0,28,0.011774680603948895
507286,2024-10-08,0.00037796447300922619,0,0,7,0.011774680603948895
507286,2024-10-09,0.11272600928363466,0.013249999999999998,0.954,72,0.010273809523809522
507286,2024-10-10,0.001195228720889059,0,0,15,0.0018928571428571425
507286,2024-10-11,0.0015491933384829666,0,0,6,0.0018928571428571425
507286,2024-10-12,0.0019359754647205625,0,0,9,0.0018928571428571425
507286,2024-10-13,0.27596505478493211,0.083130434782608717,0.956,23,0.013768633540372674
507286,2024-10-14,0.0013299011330380598,0,0,31,0.013768633540372674
507286,2024-10-15,0.0012247848594541214,0,0,56,0.013768633540372674
507286,2024-10-16,0.12248161014730118,0.015801652892561982,0.956,121,0.014133155382167242
507286,2024-10-17,0.0004980524322884273,0,0,167,0.014133155382167242
507286,2024-10-18,0.088921677714808051,0.008258620689655171,0.958,116,0.015312958337832267
507286,2024-10-19,0.17061522126006703,0.030903225806451606,0.958,62,0.019727704881611068
507286,2024-10-20,0.24416576267309389,0.065318181818181817,0.958,44,0.017183097315264368
507286,2024-10-21,0.33121543007970139,0.12986363636363638,0.956,44,0.03573504536721242
507286,2024-10-22,0.0036288187777395115,0,0,29,0.03573504536721242
507286,2024-10-23,0.0030970482627702121,0,0,42,0.033477666382560708
507286,2024-10-24,0.21929315845195452,0.052629629629629616,0.95,54,0.04099618490107923
507286,2024-10-25,0.19105325785007493,0.039416666666666655,0.948,48,0.045447334326366579
507286,2024-10-26,0.39940924354806823,0.21358490566037733,0.95,53,0.071544717162641686
507286,2024-10-27,0.0016235873971043372,0,0,111,0.062213548331472857
507286,2024-10-28,0.0015071403316236234,0,0,86,0.0436616002795248
507286,2024-10-29,0.40522410138652221,0.22352941176470589,0.95,102,0.0755943733887685
507286,2024-10-30,0.47236450767208144,0.519571906354515,0.948,299,0.14981893143941349
507286,2024-10-31,0.3454852494453266,0.14993898983050846,0.944002,295,0.16372026861096761
507286,2024-11-01,0.27793069011268989,0.088046511627906957,0.948,43,0.17066738931971623
507286,2024-11-02,0.00206155281280883,0,0,4,0.14015525993966232
507286,2024-11-03,0.47791354031694139,0.34418163636363636,0.9479979999999999,11,0.18932406513446753
507286,2024-11-04,0.38501337239867611,0.19549192063492057,0.95,126,0.2172514823680276
507286,2024-11-05,0.053457516826059814,0.0029999999999999983,0.948,316,0.18574728068735533
507286,2024-11-06,0.29686117761500819,0.10123849541284406,0.97,218,0.12598536483854519
507286,2024-11-07,0.13229351466291325,0.018323809523809534,0.972,315,0.1071831962233025
507286,2024-11-08,0.4472508352689385,0.67033158041958052,0.972,286,0.19036677747925587
507286,2024-11-09,0.09105906188271494,0.008654451009723254,0.966,5348,0.19160312762350204
507286,2024-11-10,0.065701859107650876,0.0045074690567648342,0.962,4686,0.14307824657966325
507286,2024-11-11,0.066233963483684127,0.0045471698113207521,0.964,212,0.11580042503343471
507286,2024-11-12,0.13879407980677522,0.020341920374707247,0.966,427,0.11827784222982146
507286,2024-11-13,0.20204851643590815,0.0441948424068768,0.964,349,0.11012874894325471
507286,2024-11-14,0.00048886189506301865,0,0,623,0.10751106186842477
507286,2024-11-15,0.22574504634614581,0.056061495145631059,0.964,618,0.019758192543574849
507286,2024-11-16,0.19061028631369512,0.03923255813953485,0.964,516,0.024126493562119364
507286,2024-11-17,0.059015274024766667,0.0036104868913857673,0.964,267,0.023998353252779495
507286,2024-11-18,0.11654353425356317,0.014273026315789462,0.966,608,0.025387761324846454
507286,2024-11-19,0.22019571896680545,0.053134693877551029,0.966,490,0.03007244325382414
507286,2024-11-20,0.35385200929314703,0.15439062500000003,0.964,512,0.0458146979099846
507286,2024-11-21,0.069392217813061888,0.0050069204152249167,0.966,578,0.046529972255016733
507286,2024-11-22,0.30606410521832328,0.10922110552763815,0.966,796,0.05412420230958917
507286,2024-11-23,0.43350535740056251,0.26893094877505541,0.966,449,0.086938258114663533
507286,2024-11-24,0.0005575639596382267,0,0,341,0.086422474273037
507286,2024-11-25,0.00049655923344471228,0,0,401,0.084383470513638509
507286,2024-11-26,0.054735532385981424,0.0031025641025641004,0.968,624,0.077236023402926082
507286,2024-11-27,0.17828689260145419,0.033964908771929786,0.968,570,0.060032349656058907
507286,2024-11-28,0.31488145667250528,0.11570712909441244,0.98,519,0.075846665181657127
507286,2024-11-29,0.00097858787453550581,0,0,448,0.060243650106280251
507286,2024-11-30,0.046444926306854838,0.0022081447963800938,0.976,442,0.022140392395040918
507286,2024-12-01,0.062129062124608468,0.0039514170040485831,0.976,247,0.02270488053847643
507286,2024-12-02,0.085484758195533084,0.0075269922879177371,0.976,389,0.023780165151036106
507286,2024-12-03,0.00078833372130989983,0,0,480,0.023336941707812663
507286,2024-12-04,0.062249719238112025,0.0039755600814663982,0.976,491,0.019052749037746466
507286,2024-12-05,0.24328919193821402,0.064799382716049417,0.978,648,0.011780213840837462
507286,2024-12-06,0.48372708689302535,0.42703726708074524,0.976,322,0.072785537709515347
507286,2024-12-07,0.39358446094006183,0.20053201970443352,0.976,203,0.10111751983923727
507286,2024-12-08,0.3170525806999237,0.11775000000000006,0.97,304,0.11737446026723033
507286,2024-12-09,0.24105229005918966,0.063895833333333318,0.972,288,0.12542715184514686
507286,2024-12-10,0.23392700066717889,0.059788395904436846,0.974,586,0.1339683512600664
507286,2024-12-11,0.17432194137519189,0.032288888888888881,0.972,360,0.13801311251826962
507286,2024-12-12,0.33996774742794755,0.14037704918032795,0.966,610,0.14880992201316653
507286,2024-12-13,0.36886698900601284,0.171418410041841,0.964,478,0.11229294243618022
507286,2024-12-14,0.14041648581569616,0.020851985559566789,0.964,277,0.086624366129770689
507286,2024-12-15,0.12556807032666181,0.016592734225621419,0.966,523,0.072173328162002309
507286,2024-12-16,0.33198369081632623,0.13242842142107075,0.97,2857,0.081963697888821949
507286,2024-12-17,0.36223513043469213,0.16257076326002592,0.976,3865,0.096646893225334679
507286,2024-12-18,0.21474333480738489,0.050362033195020729,0.968,3856,0.0992287709833535
507286,2024-12-19,0.1180072685688332,0.014613147655130039,0.97,4883,0.081262499336896665
507286,2024-12-20,0.13457124353921968,0.01907952973720603,0.97,5784,0.05949980215052024
507286,2024-12-21,0.091800601851839511,0.0087876248216833437,0.972,11216,0.057776322045108318
507286,2024-12-22,0.047571101015820662,0.0023299427301478703,0.976,11699,0.055738780402897814
507286,2024-12-23,0.05631427691591185,0.0032768079800498738,0.974,6817,0.0372885499113234
507286,2024-12-24,0.045115908576444749,0.0021055299122092505,0.97,11049,0.014364945147349591
507286,2024-12-25,0.0806202054015238,0.0067741342323015636,0.97,6526,0.00813810243838971
507286,2024-12-26,0.14441520663690438,0.022125927203726071,0.97,5797,0.009211356659617715
507286,2024-12-27,0.067159096692913575,0.0047021987413565329,0.966,12871,0.0071574522316392155
507286,2024-12-28,0.052894953618446879,0.0029066886870354985,0.96,3633,0.0063173184981180942
507286,2024-12-29,0.11963343302680113,0.014964936886395518,0.97,1426,0.00812231766329633
507286,2024-12-30,0.21514994690621617,0.050299949161159159,0.97,1967,0.014839909260597656
507286,2024-12-31,0.1138563105845766,0.01353992183137913,0.97,1791,0.016473393820479066
507286,2025-01-01,0.090990100289759054,0.00859493670886078,0.97,790,0.016733508459987528
507286,2025-01-02,0.14020075384211314,0.020739534883720951,0.968,1720,0.016535452414272511
507286,2025-01-03,0.20460768586083761,0.045581961484264889,0.966,2129,0.022375418520402274
507286,2025-01-04,0.31978398415847387,0.12175972588832491,0.964,1182,0.039354423834872192
507286,2025-01-05,0.079748068744140713,0.0066467432950191542,0.964,1305,0.038166110464675565
507286,2025-01-06,0.04165496295041303,0.0018046038543897171,0.964,3736,0.031238203992279934
507286,2025-01-07,0.22266973681294885,0.054528484848484833,0.964,2475,0.0370937129947236
507286,2025-01-08,0.27202559756570532,0.083923450789793477,0.966,1646,0.047854929291999707
507286,2025-01-09,0.00048162716760515614,0,0,191,0.044892138594325282
507286,2025-01-10,0.13263644218176121,0.01853053783044669,0.968,1097,0.041027649500922685
507286,2025-01-11,0.19632361376875268,0.041588148148148138,0.968,675,0.029574566966611714
507286,2025-01-12,0.31811661422515575,0.11857028112449801,0.968,498,0.045563643799394413
507286,2025-01-13,0.00049726816959263923,0,0,751,0.045305843248767304
507286,2025-01-14,0.18661134028440468,0.037087719298245621,0.976,684,0.042814305313018851
507286,2025-01-15,0.10514889119046802,0.011441406249999985,0.978,512,0.032459727521619776
507286,2025-01-16,0.13571527084159887,0.019237844940867267,0.976,761,0.035207991084600813
507286,2025-01-17,0.23462868656572416,0.060114537444933856,0.976,1135,0.041148562458098982
507286,2025-01-18,0.17203099114733772,0.031317894736842107,0.976,1900,0.039681383399340978
507286,2025-01-19,0.17166972364841851,0.031188475892298069,0.978,1597,0.027198268366169558
507286,2025-01-20,0.09181270466162085,0.0087263570229434827,0.976,1787,0.028444890798018627
507286,2025-01-21,0.1709509846798449,0.030991753710830114,0.974,1819,0.027574038571244984
507286,2025-01-22,0.2084470418822868,0.046917532070861336,0.974,1637,0.032642056545653747
507286,2025-01-23,0.25122302161754673,0.069886374492753575,0.976,1725,0.039877560767351793
507286,2025-01-24,0.00061556158440504675,0,0,198,0.031289769703789813
507286,2025-01-25,0.22236405459977651,0.053837953091684453,0.972,1407,0.034506920897338721
507286,2025-01-26,0.23723004559147573,0.061866853538892722,0.972,1427,0.038889546275423667
507286,2025-01-27,0.37821786329135226,0.177718309859155,0.972,71,0.063031253823453884
507286,2025-01-28,0.00063599306559677146,0,0,40,0.058603860436192437
507286,2025-01-29,0.3861897555280252,0.1915542409638554,0.97,166,0.079266247420905878
507286,2025-01-30,0.35990157501097547,0.15995555555555546,0.962,90,0.092133273287020437
507286,2025-01-31,0.46989264460502783,0.36664705882352927,0.96,68,0.14451142454752461
507286,2025-02-01,0.34529371567575246,0.14293604255319145,0.96,47,0.1572397230420256
507286,2025-02-02,0.29100596529407208,0.095999999999999988,0.96,50,0.16211588682218381
507286,2025-02-03,0.11734080413389751,0.014328358208955224,0.96,67,0.13877446515786954
507286,2025-02-04,0.25839704546395337,0.074939130434782592,0.958,115,0.14948005521998134
507286,2025-02-05,0.31799139455480041,0.12084365287915666,0.96,1233,0.13937854263645294
507286,2025-02-06,0.13064545205699679,0.018166281868566905,0.956002,1263,0.1191229321097403
507286,2025-02-07,0.096019683794215271,0.0097275985663082317,0.958,1674,0.06813443778728015
507286,2025-02-08,0.041763701645998436,0.0018247619047619028,0.958,1575,0.047975683408933073
507286,2025-02-09,0.29720793810984086,0.10343291539528435,0.958,1442,0.049037528465402269
507286,2025-02-10,0.37066515810891137,0.17685782388419757,0.954,1658,0.072256023561865459
507286,2025-02-11,0.4222013489079583,0.25387411267605564,0.966,2059,0.097818163882047324
507286,2025-02-12,0.37866239359708326,0.18655107233669438,0.962,2281,0.107204938090267
507286,2025-02-13,0.19629236178886272,0.04219959812458135,0.956,1493,0.11063826898398335
507286,2025-02-14,0.32685595838046566,0.12912682926829272,0.958,820,0.12769530194140971
507286,2025-02-15,0.3676881728630324,0.17205352798053516,0.956,411,0.1520136970950916
507286,2025-02-16,0.24815977326680183,0.069106382978723388,0.956,235,0.1471099067498686
507286,2025-02-17,0.11685738748100546,0.014375939849624066,0.956,133,0.12389820903064382
507286,2025-02-18,0.18711434457622905,0.037994708994709026,0.958,378,0.093058294219022869
507286,2025-02-19,0.24408299144780904,0.067059615384615356,0.958,1040,0.07598808608301158
507286,2025-02-20,0.41397689655375336,0.23869886363636372,0.956,352,0.10405940972755193
507286,2025-02-21,0.3444200474320871,0.14704947526236853,0.954,667,0.10661978772670561
507286,2025-02-22,0.26454807757491039,0.079913043478260781,0.954,322,0.093456861369237837
507286,2025-02-23,0.00049658699082414813,0,0,49,0.083584520943705928
507286,2025-02-24,0.23169567199130825,0.05994793926247291,0.956,461,0.090094806574112909
507286,2025-02-25,0.14161194931383714,0.021443868739205518,0.958,579,0.087730400823326685
507286,2025-02-26,0.13210814750494224,0.01862674094707522,0.956,718,0.080811418760820958
507286,2025-02-27,0.17368503198003812,0.03270212765957449,0.954,846,0.051383313621279639
507286,2025-02-28,0.13246623048861608,0.018739008419083249,0.954,1069,0.03305324692938174
507286,2025-03-01,0.082461667144874587,0.0071729323308270688,0.954,1330,0.02266180247974835
507286,2025-03-02,0.075904878943829121,0.0060687022900763384,0.954,786,0.023528759949759257
507286,2025-03-03,0.11293152152500703,0.01351841359773371,0.956,353,0.016895970569082229
507286,2025-03-04,0.16880733267344084,0.030843195266272185,0.954,676,0.018238731501520323
507286,2025-03-05,0.45203247418427944,0.33603619909502253,0.946,884,0.063582939808369932
507286,2025-03-06,0.43063405685867395,0.270775956284153,0.956,183,0.097593486754738293
507286,2025-03-07,0.00073556053213240044,0,0,147,0.094916485552012125
507286,2025-03-08,0.3159941126359247,0.11948987854251006,0.954,247,0.11096176358225254
507286,2025-03-09,0.2106043758610128,0.049105367793240588,0.95,503,0.11710985865413316
507286,2025-03-10,0.458122817272084,0.34126213592232996,0.95,103,0.16393039041478977
507286,2025-03-11,0.42287330126005412,0.25768052516411361,0.95,457,0.19633572325733853
507286,2025-03-12,0.391874327525826,0.20689575289575321,0.952,518,0.17788708808601436
507286,2025-03-13,0.43659045561687448,0.29222988505747111,0.944,261,0.18095193505363122
507286,2025-03-14,0.2464311548552609,0.068846715328467145,0.944,137,0.19078718010055509
507286,2025-03-15,0.32722075228008918,0.13167154105736784,0.944,889,0.19252741760267764
507286,2025-03-16,0.28242115863242884,0.093712204007285985,0.944,1098,0.19889982277611271
507286,2025-03-17,0.32033263963675018,0.12522448979591835,0.944,1274,0.16803730190091104
507286,2025-03-18,0.1375549103598652,0.020468343451864685,0.944,1153,0.13414984737058977
507286,2025-03-19,0.17115732826229008,0.032109815354713266,0.946,2058,0.10918042772186977
507286,2025-03-20,0.00050003573533639531,0,0,1867,0.067433301285088176
507286,2025-03-21,0.090509913654564761,0.0087452393206381863,0.944,1943,0.058847376141112615
507286,2025-03-22,0.27187980034346532,0.086007625272331245,0.946,1836,0.0523239596003931
507286,2025-03-23,0.386422170046093,0.20030008284023668,0.946,2366,0.067550799433671774
507286,2025-03-24,0.15567621583659694,0.0263095238095238,0.948,2016,0.05342009000704398
507286,2025-03-25,0.36628850898679044,0.17333714464099892,0.95,1922,0.0752584901769203
507286,2025-03-26,0.384851696516107,0.19745463352127135,0.95,1951,0.09887917848642859
507286,2025-03-27,0.1742585350609055,0.033244143033292227,0.946,1622,0.10362834177689892
507286,2025-03-28,0.23021376279631359,0.059753246753246753,0.946,1694,0.11091519998155729
507286,2025-03-29,0.12697687463364032,0.017341340075853327,0.946,1582,0.10110573066777472
507286,2025-03-30,0.138551892808419,0.020743219849971149,0.946,1733,0.075454750240593935
507286,2025-03-31,0.21224627992612061,0.050235443378119006,0.946,1563,0.078872738750393245
507286,2025-04-01,0.12986011549019366,0.018140326009922044,0.948,1411,0.056701764660239407
507286,2025-04-02,0.29233578959878392,0.10080845522388053,0.948,1608,0.042895167760612148
507286,2025-04-03,0.00089818836177280265,0,0,1816,0.038146004470141832
507286,2025-04-04,0.20103771093447864,0.044670157068062877,0.948,764,0.035991277372258421
507286,2025-04-05,0.00049126543230163021,0,0,239,0.033513943075707944
507286,2025-04-06,0.20552499064864649,0.046568627450980428,0.95,204,0.037203287018709272
507286,2025-04-07,0.39225814112056656,0.20503597122302158,0.95,139,0.059317648139409637
507286,2025-04-08,0.34758015906838613,0.15048257372654159,0.96,373,0.078223683527498145
507286,2025-04-09,0.44331755673269407,0.30157110158013517,0.996,443,0.10690406157839166
507286,2025-04-10,0.436238662385415,0.25957893233082713,0.988,133,0.14398676619708126
507286,2025-04-11,0.23565700232464359,0.059277108433734939,0.984,83,0.14607347353503441
507286,2025-04-12,0.33726567335543889,0.1294736842105263,0.984,38,0.16456971413653818
507286,2025-04-13,0.34756011178577084,0.14319791666666662,0.984,192,0.17837389831020761
507286,2025-04-14,0.45108071666979338,0.2986428571428571,0.984,196,0.19174631058446984
507286,2025-04-15,0.29718000712526249,0.099851106639839066,0.998,497,0.18451324385779805
507294,2024-09-17,0.3772532306024694,0.15,0.89999999999999991,6,0.15
507294,2024-09-18,0.31874298863352324,0.11539393939393935,0.972,33,0.13269696969696967
507294,2024-09-19,0.24303372750737925,0.064772727272727287,0.956,44,0.11005555555555555
507294,2024-09-20,0.23789517949113803,0.061956521739130452,0.954,46,0.098030797101449269
507294,2024-09-21,0.41518497312012848,0.22599999999999995,0.956,21,0.1236246376811594
507294,2024-09-22,0.25050096607944256,0.069345454545454557,0.958,55,0.11457810715854193
507294,2024-09-23,0.0010377490433255414,0,0,27,0.098209806135893085
507294,2024-09-24,0.2250899092071672,0.054571428571428583,0.956,35,0.084577153074668593
507294,2024-09-25,0.00070710678118654816,0.949,0.95,2,0.20366373316124869
507294,2024-09-27,0.00049999999999999871,0,0,4,0.19441048640800193
507294,2024-09-28,0.000353553390593274,0,0,8,0.18555955473098329
507294,2024-09-29,0.17408363382452288,0.031666666666666669,0.95,30,0.15779764996907855
507294,2024-09-30,0.0014545240579977067,0,0,17,0.14789115646258502
507294,2024-10-01,0.00282842712474619,0,0,2,0.14789115646258502
507294,2024-10-02,0.33252472398829541,0.13099999999999998,0.946,36,0.15880952380952379
507294,2024-10-03,0.26692152026353733,0.081466666666666687,0.92399999999999993,45,0.034876190476190477
507294,2024-10-04,0.00032532209276871888,0,0,67,0.034876190476190477
507294,2024-10-05,0.0019000773978043782,0,0,17,0.034876190476190477
507294,2024-10-06,0.0022802924044955297,0,0,16,0.030352380952380954
507294,2024-10-07,0.20986419348082674,0.0469,0.938,20,0.037052380952380955
507294,2024-10-08,0,0,0,7,0.037052380952380955
507294,2024-10-09,0.3876838239657997,0.20069311999999997,0.942,75,0.047008540952380953
507294,2024-10-10,0.353398387768643,0.13314371428571425,0.93200599999999989,7,0.0543909763265306
507294,2024-10-11,0.0023094010767585054,0,0,3,0.0543909763265306
507294,2024-10-12,0.4440674410128,0.29840072,0.938,25,0.097019650612244893
507294,2024-10-13,0.41863451845652805,0.23375049999999997,0.938,16,0.13041257918367347
507294,2024-10-14,0.2743800914455547,0.084364272727272718,0.93000600000000011,22,0.13576461814471241
507294,2024-10-15,0.18702628537800753,0.038163265306122456,0.938,49,0.14121651318844419
507294,2024-10-16,0.30312550205143629,0.10890010000000003,0.938,60,0.12810322461701562
507294,2024-10-17,0.37992775041094579,0.18839999999999998,0.942,55,0.13599697971905644
507294,2024-10-18,0.41045687622817661,0.72035235294117639,0.942,17,0.23890445871065308
507294,2024-10-19,0.0018526500059224498,0,0,10,0.19627578442493879
507294,2024-10-20,0.43129389099903587,0.26055555555555554,0.938,18,0.20010507807573244
507294,2024-10-21,0.16897333914066515,0.030193548387096765,0.93599999999999994,31,0.192366403169993
507294,2024-10-22,0.47298187912625833,0.39509735483870967,0.946,31,0.24335698738893405
507294,2024-10-23,0.35772261143502715,0.1576666666666667,0.946,30,0.25032363976988642
507294,2024-10-24,0.43862402710331277,0.27251400000000003,0.96598800000000007,35,0.26233992548417218
507294,2024-10-25,0.29812878791200081,0.10181812121212123,0.96,66,0.17397789238002143
507294,2024-10-26,0.1251114803341955,0.016271186440677966,0.96,59,0.17630234758583255
507294,2024-10-27,0.073823672341473273,0.0056588235294117648,0.962,170,0.13988852872495489
507294,2024-10-28,0.0015189260695298442,0,0,82,0.13557516466965533
507294,2024-10-29,0.001187886196484337,0,0,127,0.079132685406982525
507294,2024-10-30,0.32171981396100446,0.12189655172413791,0.966,174,0.074022668986621271
507294,2024-10-31,0.19366982178334741,0.040353488372093009,0.964,215,0.040856881611205986
507294,2024-11-01,0.45728856128579065,0.31549090909090916,0.964,55,0.071381565593889973
507294,2024-11-02,0.30995125059326323,0.11052459016393446,0.964,61,0.084846337554355181
507294,2024-11-03,0.00088362219151620494,0,0,29,0.084037934193010644
507294,2024-11-04,0.47766883507470115,0.55973831775700922,0.966,321,0.16400055101544053
507294,2024-11-05,0.4726154508897723,0.37998941798941804,0.964,378,0.2182847535853574
507294,2024-11-06,0.25882303133643436,0.074561797752808981,0.954,178,0.21152264587516756
507294,2024-11-07,0.11524517678534883,0.013705270175438593,0.978,285,0.20771575756135977
507294,2024-11-08,0.33699406348661864,0.13452652702702697,0.978,296,0.18186370298080518
507294,2024-11-09,0.064577734752480229,0.0043035803571428582,0.964002,224,0.16668927300840639
507294,2024-11-10,0.089291553290228309,0.008279202279202277,0.97,351,0.16787201619114955
507294,2024-11-11,0.46438996816650818,0.34793836018957347,0.968,422,0.13761487939580161
507294,2024-11-12,0.3456614371835684,0.1454777685459942,0.966,337,0.10411321518959819
507294,2024-11-13,0.15423300376238325,0.0253157894736842,0.964,266,0.097078071149723222
507294,2024-11-14,0.20511616450234543,0.045845454545454564,0.962,440,0.10166952605972551
507294,2024-11-15,0.2166588245460033,0.051379679144385029,0.964,374,0.0897914049336338
507294,2024-11-16,0.15892359449500226,0.026875776397515524,0.964,322,0.093016004367972749
507294,2024-11-17,0.10966816263221876,0.01257980456026059,0.966,307,0.093630376122409653
507294,2024-11-18,0.21148852374873636,0.048557783919598016,0.972,398,0.050861722369556016
507294,2024-11-19,0.305572435467656,0.10831632653061224,0.968,196,0.045552944938787164
507294,2024-11-20,0.35041883532293261,0.14952301255230119,0.968,239,0.063296833950018158
507294,2024-11-21,0.33368856704758482,0.13307317073170741,0.97,451,0.07575793626234
507294,2024-11-22,0.340305627117018,0.13945486111111111,0.968,576,0.088340105114729436
507294,2024-11-23,0.28012086683784687,0.089132307692307663,0.968,325,0.097233895299699738
507294,2024-11-24,0.38544352703855123,0.19023404255319137,0.968,188,0.12261307215583271
507294,2024-11-25,0.35870998593370579,0.15829739776951679,0.968,269,0.13829015984867826
507294,2024-11-26,0.31866086565854385,0.11902168674698795,0.97,415,0.1398194970224462
507294,2024-11-27,0.21740709935867811,0.051629893238434157,0.97,281,0.12583476569189378
507294,2024-11-28,0.092614470218463821,0.0089905956112852677,0.956,319,0.10810868353183348
507294,2024-11-29,0.18408182893881875,0.036587786259541968,0.96,262,0.093413387124466452
507294,2024-11-30,0.086544444941027573,0.0078367346938775489,0.96,245,0.081799733838976429
507294,2024-12-01,0.00061098238433740092,0,0,149,0.054623442045663384
507294,2024-12-02,0.1305915651140257,0.017974999999999998,0.96,160,0.034577385221446696
507294,2024-12-03,0.27145164157024382,0.083453416149068357,0.96,161,0.029496203707458184
507294,2024-12-04,0.075952794840118673,0.0060125,0.962,160,0.022979433244824734
507294,2024-12-05,0.31979102700677786,0.12203738317757008,0.96,321,0.039128974325722564
507294,2024-12-06,0.44535984279529017,0.30296363636363638,0.954,110,0.077182667197736046
507294,2024-12-07,0.39276031922080717,0.2030000000000001,0.956,80,0.10506313367003928
507294,2024-12-08,0.24126848932893286,0.064629213483146056,0.96,89,0.11429587845334585
507294,2024-12-09,0.25332152681117714,0.072281081081081042,0.956,185,0.12205389003635743
507294,2024-12-10,0.45369817996383743,0.63354632587859416,0.958,313,0.20063859142628968
507294,2024-12-11,0.4713252167774114,0.57144542857142866,0.958,119,0.28141472407935092
507294,2024-12-12,0.31893627454747481,0.11977777777777777,0.962,72,0.281091923307952
507294,2024-12-13,0.0903937700282721,0.0084955752212389352,0.96,113,0.23902505743046668
507294,2024-12-14,0.391615021157502,0.19741317365269473,0.972,167,0.23822693938085163
507294,2024-12-15,0.43099771020707139,0.70920316622691293,0.972,379,0.33030893262996119
507294,2024-12-16,0.46003411428004826,0.63723787528868348,0.972,433,0.41101704608819012
507294,2024-12-17,0.20923317523838658,0.04731521739130435,0.968,184,0.32726974487572014
507294,2024-12-18,0.45106061231319233,0.30699428571428539,0.968,350,0.28949101018184253
507294,2024-12-19,0.3853106511007498,0.19069189189189173,0.968,370,0.2996215979124302
507294,2024-12-20,0.17665481260826418,0.033484057971014509,0.964,345,0.30319138116239813
507294,2024-12-21,0.050033445391686741,0.0026000000000000025,0.962,370,0.27536092778344179
507294,2024-12-22,0.031269221864471876,0.0010158394931362191,0.962,947,0.17419130967861651
507294,2024-12-23,0.056195810440524095,0.0032877882152006844,0.964,1171,0.083627011525261835
507294,2024-12-24,0.086431723187477355,0.0078189750312109962,0.964,3204,0.077984691188105651
507294,2024-12-25,0.10060644136561318,0.010612844036697249,0.964,545,0.035644485234164483
507294,2024-12-26,0.135638271636544,0.019492134831460641,0.964,890,0.011187377082674329
507294,2024-12-27,0.0366478848476742,0.0013992727272727275,0.962,1375,0.00660383633356836
507294,2024-12-28,0.0004847990275441382,0,0,691,0.0062324077621397885
507294,2024-12-29,0.00047327063960403464,0,0,873,0.0060872878345489
507294,2024-12-30,0.16250927510906657,0.028295748613678364,0.96,541,0.0096598536057599972
507294,2024-12-31,0.23155595336339338,0.059313974591651525,0.964,551,0.017016282114394359
507294,2025-01-01,0.27387579838528348,0.082628571428571454,0.964,35,0.027304243170376389
507294,2025-01-02,0.14535812865188774,0.0223621052631579,0.966,475,0.027714238946333139
507294,2025-01-03,0.2649955015405332,0.078965699208443277,0.966,379,0.038795157015071788
507294,2025-01-04,0.0661017756543105,0.0045352112676056346,0.966,852,0.039443044339015451
507294,2025-01-05,0.10373590581459298,0.011251937984496129,0.968,1032,0.041050464051086324
507294,2025-01-06,0.1963232968612959,0.04146961325966847,0.97,724,0.0429324447147992
507294,2025-01-07,0.12319743684061348,0.015903125000000004,0.97,1280,0.036730894773134695
507294,2025-01-08,0.27417055902929971,0.084751391465677145,0.972,1078,0.03703415477843551
507294,2025-01-09,0.19113770540808067,0.03896,0.974,275,0.039405282597984377
507294,2025-01-10,0.0760760246799452,0.0059754601226993855,0.974,652,0.028978105585735252
507294,2025-01-11,0.0656314241125379,0.0044373576309795033,0.974,439,0.028964126494788661
507294,2025-01-12,0.05814241341154025,0.0034802867383512551,0.972,558,0.027853890602482251
507294,2025-01-13,0.22853113116201582,0.056902634593356247,0.976,873,0.030058607935866219
507294,2025-01-14,0.098472330477746325,0.010041297935103242,0.974,678,0.029221204069452396
507294,2025-01-15,0.20820681012981096,0.04670259481037925,0.976,501,0.023785661690124128
507294,2025-01-16,0.12879531650522771,0.017341246290801169,0.974,1011,0.020697268303095723
507294,2025-01-17,0.14835063951294247,0.023148898678414086,0.974,1135,0.023150616668197822
507294,2025-01-18,0.21552802456669962,0.050274613092070236,0.976,1879,0.029698796019782214
507294,2025-01-19,0.14880967521547739,0.023262836185819095,0.98,1636,0.032524874512277618
507294,2025-01-20,0.20290682794498854,0.044106540795684324,0.98,1483,0.0306968611126102
507294,2025-01-21,0.31281057188892458,0.11307301732673269,0.984,1616,0.045415678168557266
507294,2025-01-22,0.231810556430728,0.058241071428571406,0.98,672,0.047064031971156148
507294,2025-01-23,0.43348630869900528,0.26497403508771888,0.98,1425,0.0824401446564301
507294,2025-01-24,0.2393697190793862,0.062704545454545471,0.98,264,0.088090951338734583
507294,2025-01-25,0.2870620539581723,0.093089955022488846,0.98,1334,0.094207428757365819
507294,2025-01-26,0.43177004015566034,0.2609160183486236,0.978,1417,0.12815788335205217
507294,2025-01-27,0.41528127871292031,0.22773333333333329,0.978,90,0.15439028228600202
507294,2025-01-28,0.41969169475231188,0.23193220338983059,0.978,59,0.17137016600930172
507294,2025-01-29,0.35877656947331749,0.15661290322580648,0.976,124,0.18542328483747816
507294,2025-01-30,0.45798757693200443,0.31830136986301372,0.97,73,0.19304147551966314
507294,2025-01-31,0.39746931322475676,0.20405636619718309,0.968,71,0.21323459276861137
507294,2025-02-01,0.49000397189524725,0.53096774193548379,0.97,31,0.27578856232761068
507294,2025-02-02,0.38571419575738869,0.18725806451612897,0.97,62,0.26526599749439711
507294,2025-02-03,0.41187293108874773,0.22435714285714287,0.97,56,0.26478368456922707
507294,2025-02-04,0.31087253560955741,0.11243835616438357,0.968,146,0.24771313496559177
507294,2025-02-05,0.45248424297695744,0.31603830956521733,0.968,1150,0.27048819301407906
507294,2025-02-06,0.35044117223092763,0.15039285714285708,0.964,224,0.24650126262548525
507294,2025-02-07,0.33720028871615132,0.13773618538324425,0.966,1683,0.23702695108063684
507294,2025-02-08,0.39225955204081608,0.20135432675044893,0.968,1671,0.18993932033991756
507294,2025-02-09,0.25137116528364634,0.070471850837138555,0.966,1314,0.17325557552863322
507294,2025-02-10,0.12796713176694802,0.017225772655840712,0.97,1909,0.14366537978559005
507294,2025-02-11,0.33170336226440894,0.13155184341252682,0.97,1852,0.14639587796389625
507294,2025-02-12,0.42781621949720045,0.25985185185185167,0.964,270,0.13836924114770113
507294,2025-02-13,0.25701685959377352,0.07476988636363624,0.962,1408,0.12756595960781245
507294,2025-02-14,0.19073964983357847,0.039535283993115344,0.96,581,0.11353725940922262
507294,2025-02-15,0.24408160554386435,0.066769696969696937,0.958,330,0.094310883726258038
507294,2025-02-16,0.36702812687562181,0.16962616822429905,0.956,107,0.10847578621013811
507294,2025-02-17,0.3528677343988792,0.15302000000000002,0.958,100,0.127874961545018
507294,2025-02-18,0.314029858027439,0.11611673151750979,0.964,257,0.12566994556001557
507294,2025-02-19,0.43889579084995395,0.283264,0.96,125,0.12901453815260819
507294,2025-02-20,0.32492055187040175,0.12703726708074531,0.958,322,0.13648130682648094
507294,2025-02-21,0.37637667302849681,0.18241406249999989,0.958,256,0.156892560898893
507294,2025-02-22,0.31566699811481724,0.11719813513513511,0.964,222,0.1640966234939556
507294,2025-02-23,0.37202596439202756,0.17178571428571429,0.962,56,0.16440513007415777
507294,2025-02-24,0.29154220579598095,0.097975091286307034,0.964,482,0.15654157168648736
507294,2025-02-25,0.33489011374351285,0.13387037037037036,0.966,108,0.15907780580832456
507294,2025-02-26,0.37447579496611838,0.17490905454545461,0.962,55,0.14359852788624666
507294,2025-02-27,0.43643473759221685,0.26841860465116274,0.962,43,0.16379586182487771
507294,2025-02-28,0.25559347952718281,0.072756302521008412,0.962,119,0.14813046754216466
507294,2025-03-01,0.0005334349496690816,0,0,124,0.13138787680857392
507294,2025-03-02,0.0913384370005863,0.0086666666666666663,0.962,111,0.10808515572013855
507294,2025-03-03,0.23949241939436919,0.063052631578947332,0.96,76,0.10309623290480145
507294,2025-03-04,0.45942357542088252,0.33636749116607784,0.974,283,0.13202439301847393
507294,2025-03-05,0.45273910756305508,0.30773020527859229,0.974,341,0.15099884312320791
507294,2025-03-06,0.40058561062112535,0.20394736842105265,0.972,38,0.14178866651890645
507294,2025-03-07,0.0015026109680334283,0,0,42,0.13139490901590525
507294,2025-03-08,0.43118772423179125,0.26192591111111124,0.97,270,0.16881289631749258
507294,2025-03-09,0.43335328388230171,0.26473437499999991,0.97,128,0.20539399750796875
507294,2025-03-10,0.40335463970668189,0.21216438356164383,0.968,73,0.22669567636263968
507294,2025-03-11,0.4245939198974491,0.72422222222222155,0.978,486,0.28210349508494592
507294,2025-03-12,0.35134346251627641,0.14912918660287072,0.982,209,0.25944620670269997
507294,2025-03-13,0.47452124224770392,0.39016979245283023,0.964,106,0.28604941013581109
507294,2025-03-14,0.31711954333012138,0.11885714285714291,0.96,210,0.30302900197254579
507294,2025-03-15,0.00047519096331149216,0,0,31,0.26561101467095843
507294,2025-03-16,0.27781921213092714,0.087340909090909066,0.962,88,0.24026909096965976
507294,2025-03-17,0.41648878563900887,0.2400661764705882,0.962,272,0.24425506138522324
507294,2025-03-18,0.38551184385746951,0.18986842105263149,0.962,76,0.16791880407528181
507294,2025-03-19,0.440276946353255,0.2837697841726618,0.964,139,0.18715317515668053
507294,2025-03-20,0.47903461263119423,0.42352201257861632,0.962,159,0.19191777803179283
507294,2025-03-21,0.47749692016107165,0.40733333333333333,0.962,111,0.23312866238553431
507294,2025-03-22,0.40758397521318263,0.22415533980582519,0.962,206,0.26515085378636649
507294,2025-03-23,0.42196104336113738,0.24764081632653073,0.966,245,0.28805084053431246
507294,2025-03-24,0.45216875659546674,0.31193167701863367,0.966,322,0.29831734061260468
507294,2025-03-25,0.3196461611246631,0.12032995959595963,0.968,297,0.28838327469022296
507294,2025-03-26,0.11928632745326591,0.014907407407407406,0.966,324,0.24997436372375803
507294,2025-03-27,0.27989663051708391,0.089143547445255475,0.966,411,0.20220601156184934
507294,2025-03-28,0.45329679586986765,0.3172720306513408,0.964,261,0.18934011117870755
507294,2025-03-29,0.20707927084163597,0.046616740088105721,0.962,227,0.1639774540761762
507294,2025-03-30,0.35621224002058594,0.15652252252252255,0.966,222,0.15096055496131788
507294,2025-03-31,0.47282585724082116,0.383237546961326,0.964,181,0.16114710781027394
507294,2025-04-01,0.40305287935426737,0.21503789126853368,0.972,607,0.17467681233492738
507294,2025-04-02,0.00043605142480035778,0,0,213,0.17254718270529776
507294,2025-04-03,0.43240958924140493,0.26258823529411751,0.972,459,0.19732499525513519
507294,2025-04-04,0.0926978644759342,0.008836363636363637,0.972,110,0.15326275711013845
507294,2025-04-05,0.0005034574339058891,0,0,50,0.14660322281183763
507294,2025-04-06,0.309434195697078,0.11121146953405017,0.974,279,0.14013021524205585
507294,2025-04-07,0.36169804688139928,0.15941772151898734,0.97,79,0.1081559544645789
507294,2025-04-08,0.4376893607007008,0.27415609756097564,0.972,205,0.11660141250635633
507294,2025-04-09,0.42781056377110793,0.25362666666666661,0.998,375,0.15283379345873727
507294,2025-04-10,0.36586958259164659,0.15841268253968252,0.998,126,0.13795157163667512
507294,2025-04-11,0.35781172889291,0.14257142857142857,0.998,21,0.15705658091311298
507294,2025-04-12,0,0,0,6,0.15705658091311298
507294,2025-04-13,0,0,0,5,0.14116922812253438
507294,2025-04-14,0,0,0,3,0.11839526790553619
507294,2025-04-15,0.20285017233029676,0.042255319148936162,0.998,47,0.085266585275244833
507305,2024-09-17,0.32075524714559006,0.10999999999999999,0.87999999999999989,8,0.10999999999999999
507305,2024-09-18,0.2815198772654367,0.09333333333333331,0.91999999999999993,39,0.10166666666666666
507305,2024-09-19,0.15523848524636957,0.025722222222222212,0.92599999999999993,36,0.076351851851851837
507305,2024-09-20,0.0011926225240403963,0,0,33,0.057263888888888878
507305,2024-09-21,0.36701383408771482,0.16458823529411759,0.93599999999999994,17,0.078728758169934618
507305,2024-09-22,0.1786706326416109,0.034666666666666672,0.938,54,0.071385076252723292
507305,2024-09-23,0.0011757350641945124,0,0,17,0.061187208216619965
507305,2024-09-24,0,0,0,5,0.045472922502334256
507305,2024-09-25,,0,0,1,0.032139589169000927
507305,2024-09-26,,0,0,1,0.028464985994397753
507305,2024-09-27,0.0015118578920369106,0,0,7,0.028464985994397753
507305,2024-09-28,0.00048054528322601244,0,0,13,0.0049523809523809529
507305,2024-09-29,0.0019419743478779766,0,0,30,0
507305,2024-09-30,0.0016525364461585576,0,0,18,0
507305,2024-10-01,0.0034408263127170056,0,0,8,0
507305,2024-10-02,0.22427443422900326,0.055199999999999992,0.966,35,0.0078857142857142841
507305,2024-10-03,0.00072438331206323072,0,0,31,0.0078857142857142841
507305,2024-10-04,0.11542860749012775,0.013884057971014484,0.958,69,0.009869151138716354
507305,2024-10-05,0.00026726124191242442,0,0,14,0.009869151138716354
507305,2024-10-06,0.0020254787341673327,0,0,13,0.009869151138716354
507305,2024-10-07,0.35866609234796648,0.15327984,0.958,25,0.031766271138716357
507305,2024-10-08,0.34613225573693429,0.13628571428571429,0.954,14,0.0512356588938184
507305,2024-10-09,0.11309286616878014,0.013380281690140845,0.95,71,0.045261413420981375
507305,2024-10-10,0.44550883611453973,0.27142857142857141,0.95,14,0.084036923625063
507305,2024-10-11,0.001032795558988644,0,0,16,0.082053486772060938
507305,2024-10-12,0.0010223136134195827,0,0,18,0.082053486772060938
507305,2024-10-13,0.00070669137951608865,0,0,18,0.082053486772060938
507305,2024-10-14,0.46826907977952603,0.35244444444444445,0.952,27,0.11050557312126728
507305,2024-10-15,0.00076519691308151068,0,0,96,0.091036185366165243
507305,2024-10-16,0.20697382215814653,0.047074380165289267,0.95,121,0.095849628005472157
507305,2024-10-17,0.27279536512204383,0.085213483146067387,0.948,89,0.069247472536543009
507305,2024-10-18,0.20437593060552103,0.04571084337349398,0.95,83,0.075777593018470729
507305,2024-10-19,0.0010066806452736759,0,0,52,0.075777593018470729
507305,2024-10-20,0.36961751862485537,0.1720002727272727,0.9460059999999999,44,0.10034906055093826
507305,2024-10-21,0.24689566040543523,0.067571571428571425,0.9460059999999999,42,0.059652935834384968
507305,2024-10-22,0.16509051091492935,0.029169230769230756,0.948,65,0.063819968801417937
507305,2024-10-23,0.0016848856482090955,0,0,61,0.057095057349233751
507305,2024-10-24,0.11925559036512014,0.014906249999999996,0.954,64,0.047051166899795549
507305,2024-10-25,0.35392409441911354,0.15346428571428572,0.956,56,0.062444515805622942
507305,2024-10-26,0.0015066937906152921,0,0,37,0.062444515805622942
507305,2024-10-27,0.15565307188706165,0.025801801801801805,0.956,111,0.0415590199591271
507305,2024-10-28,0.0016267564764473408,0,0,101,0.031905938326474037
507305,2024-10-29,0.31531079557316627,0.11801652892561977,0.952,121,0.044598409491672472
507305,2024-10-30,0.435940182993805,0.67497674418604636,0.956,473,0.14102365866110766
507305,2024-10-31,0.37623851229796412,0.77289073881373571,0.956,961,0.24930715706306991
507305,2024-11-01,0.24149445778745518,0.89048477157360451,0.956,788,0.35459579790011547
507305,2024-11-02,0.3334229764120516,0.82099236641221363,0.956,262,0.47188042167328881
507305,2024-11-03,0.42625317943991375,0.69820224719101087,0.956,89,0.56793762815746152
507305,2024-11-04,0.42168946729570222,0.70362587412587441,0.956,572,0.66845561017544364
507305,2024-11-05,0.00091580646805854593,0,0,229,0.65159610604321216
507305,2024-11-06,0.41131302814819154,0.7218431385606876,0.974,931,0.65829130523958956
507305,2024-11-07,0.21143447872589846,0.0482118380062305,0.98,321,0.55476574798137446
507305,2024-11-08,0.23438217582188994,0.060438538205980059,0.966,301,0.43618771464314243
507305,2024-11-09,0.32964914019145447,0.1298941176470588,0.964,170,0.33745939339097747
507305,2024-11-10,0.18553702795897656,0.037057851239669412,0.962,363,0.24301019396935725
507305,2024-11-11,0.42800376153419145,0.25749657794676789,0.968,263,0.17927743737234203
507305,2024-11-12,0.29844875616783179,0.10336659932659935,0.966,297,0.19404409441899909
507305,2024-11-13,0.27470885625499397,0.086127340823970056,0.96,267,0.10322755188518229
507305,2024-11-14,0.4638595194017775,0.35348913043478231,0.962,736,0.14683859366068969
507305,2024-11-15,0.089682595741720675,0.0084450951683748034,0.962,683,0.13941095894103181
507305,2024-11-16,0.24476357755528444,0.06688988764044955,0.962,445,0.13041035465437334
507305,2024-11-17,0.16320623230728531,0.028421052631578961,0.964,304,0.129176526281789
507305,2024-11-18,0.21356664988623003,0.0498873873873874,0.964,444,0.099518070487591773
507305,2024-11-19,0.21649447192983248,0.051284263959390848,0.964,394,0.092077736863704851
507305,2024-11-20,0.13942429920760246,0.020593582887700544,0.964,374,0.082715771444237779
507305,2024-11-21,0.15611736313426539,0.026049382716049382,0.96,405,0.035938664627275928
507305,2024-11-22,0.44006676069681933,0.289739967897271,0.96,623,0.076123646445689669
507305,2024-11-23,0.3575506653235373,0.15986865671641809,0.958,335,0.089406327742256611
507305,2024-11-24,0.2982354784582385,0.10350234741784038,0.96,213,0.1001322269974368
507305,2024-11-25,0.18189839608069619,0.035731343283582087,0.96,268,0.098109934982607477
507305,2024-11-26,0.32088976830074717,0.12253975421686748,0.96,415,0.10828929073367558
507305,2024-11-27,0.39074883408280303,0.20020100502512567,0.96,398,0.13394749389616487
507305,2024-11-28,0.48027817642831488,0.446379487179487,0.964,585,0.19399465167665597
507305,2024-11-29,0.058729151696443667,0.00357037037037037,0.964,270,0.15311328060138443
507305,2024-11-30,0.00076044645394221619,0,0,261,0.13027490107046757
507305,2024-12-01,0.079819280999471276,0.0066027397260273969,0.964,146,0.11643209997163714
507305,2024-12-02,0.00067759303932477357,0,0,172,0.11132762235969684
507305,2024-12-03,0.00062072023641995106,0,0,188,0.093821943185858639
507305,2024-12-04,0.14880809809945159,0.023382113821138212,0.96,123,0.068562101585289
507305,2024-12-05,0.1033129983051899,0.011150579150579152,0.964,259,0.0063865432954450189
507305,2024-12-06,0.084219515077927368,0.0073953488372093,0.954,129,0.0069329687907077227
507305,2024-12-07,0.14075311997053844,0.020967032967032971,0.954,91,0.0099282592145695757
507305,2024-12-08,0.0010416289961399968,0,0,92,0.0089850106822799477
507305,2024-12-09,0.060735750770750718,0.00384,0.96,250,0.0095335821108513772
507305,2024-12-10,0.06995940860702049,0.0050981432360742689,0.964,377,0.010261888287433414
507305,2024-12-11,0.11701472499224591,0.014406015037593986,0.958,133,0.0089795884612128112
507305,2024-12-12,0.27329341809808844,0.0848128342245989,0.968,374,0.019502767757501347
507305,2024-12-13,0.071972512365242436,0.0053518005540166211,0.968,361,0.019210832288473822
507305,2024-12-14,0.40202440383736809,0.2138129496402878,0.968,139,0.046760248956081656
507305,2024-12-15,0.47688366547539207,0.40436834210526307,0.964,76,0.10452715497111924
507305,2024-12-16,0.35730221234368176,0.15958820915032679,0.96,306,0.12677689913545162
507305,2024-12-17,0.24664848025391703,0.068182178217821826,0.96,505,0.13578890413284414
507305,2024-12-18,0.39473870512753029,0.20638436482084691,0.96,614,0.16321438267330884
507305,2024-12-19,0.12200753285000947,0.015751865470852007,0.96,1338,0.15334852999420215
507305,2024-12-20,0.42767237003097353,0.26136663124335807,0.962,941,0.18992207723553664
507305,2024-12-21,0.22625426821382735,0.0563742911153119,0.962,529,0.16743084030339722
507305,2024-12-22,0.039830778790394247,0.0016472602739726033,0.962,584,0.10989925718464144
507305,2024-12-23,0.084985702251144088,0.0075523223279238948,0.964,1787,0.08817984478144103
507305,2024-12-24,0.27130891415033209,0.083353383458646624,0.964,266,0.090347159815844569
507305,2024-12-25,0.054399347516411491,0.0030666666666666672,0.966,315,0.0613017743652474
507305,2024-12-26,0.20131733780417546,0.043956663055254593,0.966,923,0.0653310311630192
507305,2024-12-27,0.38075712263886341,0.18743256388481436,0.968,12953,0.05476902154037009
507305,2024-12-28,0.21320593219900388,0.050542877339186637,0.966,26879,0.053935962429495055
507305,2024-12-29,0.14143420455588596,0.02134544749721376,0.966,20637,0.056749989175672359
507305,2024-12-30,0.12463312393979557,0.016519305645684552,0.962,12328,0.058030986792495312
507305,2024-12-31,0.25172238594321089,0.070723926380368118,0.964,163,0.05622677863845553
507305,2025-01-01,0.00048154341234307567,0,0,24,0.055788683400360285
507305,2025-01-02,0.00069083207364372843,0,0,240,0.049509160106752492
507305,2025-01-03,0.0425723923024447,0.0018844270323212554,0.962,1021,0.023002283413539187
507305,2025-01-04,0.10847765374803477,0.012373517786561261,0.964,1012,0.017549517763164137
507305,2025-01-05,0.0869906074650692,0.007910902696365768,0.964,853,0.015630297077328707
507305,2025-01-06,0.080947918615587242,0.006832891246684349,0.966,1131,0.01424652359175725
507305,2025-01-07,0.090314635663036949,0.008519674355495277,0.966,1474,0.005360201873918273
507305,2025-01-08,0.027440364776906735,0.00077840451248992768,0.966,1241,0.0054714025185596911
507305,2025-01-09,0.34650954563448561,0.14602325581395351,0.966,258,0.026331867634838763
507305,2025-01-10,0.21356795517541405,0.049895161290322627,0.966,1488,0.03319054395741039
507305,2025-01-11,0.21554132836323889,0.05083975659229209,0.964,493,0.038685720929657649
507305,2025-01-12,0.15458196816605,0.025458333333333336,0.962,528,0.04119249673493873
507305,2025-01-13,0.21196489608463193,0.049140845070422559,0.964,568,0.0472364901383299
507305,2025-01-14,0.29282895870894132,0.09921888412017163,0.964,466,0.060193520104712239
507305,2025-01-15,0.21565030483677639,0.050856304985337268,0.964,341,0.067347505886547573
507305,2025-01-16,0.16185669264796651,0.028003231017770604,0.964,619,0.050487502344235734
507305,2025-01-17,0.123051850713912,0.015946414499605988,0.966,1269,0.045637681374133356
507305,2025-01-18,0.23514252390425397,0.061263550155763236,0.964,1605,0.047126794740343515
507305,2025-01-19,0.18929800085185411,0.038739164696611525,0.964,1269,0.049024056363668973
507305,2025-01-20,0.23927730278758236,0.063657016818307169,0.966,3627,0.051097795184795347
507305,2025-01-21,0.29616274922033664,0.10229844243660746,0.968,3431,0.051537732087143323
507305,2025-01-22,0.33571738958747621,0.14014177489177496,0.976,1848,0.064292799216634416
507305,2025-01-23,0.42210910612242408,0.28265402923659938,0.91599999999999993,1847,0.1006714846764671
507305,2025-01-24,0.280895088921811,0.096242187499999993,0.91599999999999993,256,0.1121423093908091
507305,2025-01-25,0.00097402849088570225,0,0,44,0.10339037365427149
507305,2025-01-26,0.37782042765691071,0.19950733885438243,0.91799999999999993,1449,0.12635725567681019
507305,2025-01-27,0.30090606372034689,0.10995999999999996,0.91799999999999993,50,0.13297196755990917
507305,2025-01-28,0.37876690602886987,0.19480851063829779,0.91599999999999993,47,0.14618769158872208
507305,2025-01-29,0.39686466741927284,0.23877094972067037,0.91999999999999993,179,0.16027757370713572
507305,2025-01-30,0.44606900369645058,0.40388528662420353,0.89999999999999991,157,0.17759632476250772
507305,2025-01-31,0.43664885401907455,0.35494287142857156,0.89399999999999991,140,0.21455356532373224
507305,2025-02-01,0.33601789928904247,0.15221919178082177,0.8919999999999999,146,0.23629916414956392
507305,2025-02-02,0.34043761351308294,0.1562105614035087,0.8919999999999999,114,0.23011391022801053
507305,2025-02-03,0.35876812154128268,0.17807994666666666,0.8919999999999999,75,0.23984533118039147
507305,2025-02-04,0.00061153766463131276,0,0,110,0.21201554394634894
507305,2025-02-05,0.34269633560821211,0.16040852314474649,0.89399999999999991,1361,0.20082091157835982
507305,2025-02-06,0.33374698146991316,0.15000568585643217,0.89599999999999991,1407,0.16455239718296391
507305,2025-02-07,0.11177039402238716,0.014208000000000002,0.8899999999999999,250,0.11587598697888225
507305,2025-02-08,0.40430967298985793,0.26276153237410033,0.8899999999999999,1946,0.1316677499207792
507305,2025-02-09,0.419462942908895,0.30077289204545471,0.8879999999999999,1408,0.15231951144105718
507305,2025-02-10,0.12039150276388369,0.016535315985130111,0.8899999999999999,269,0.12924170705798055
507305,2025-02-11,0.3973094425998539,0.24694583883751653,0.8879999999999999,757,0.16451968403476863
507305,2025-02-12,0.40180206982357269,0.26310448796498953,0.8819999999999999,2742,0.17919053615194619
507305,2025-02-13,0.38129832980271045,0.22843769968051106,0.87000000000000011,1252,0.19039510955538605
507305,2025-02-14,0.39201082221346484,0.26038295254237281,0.85400000000000009,1180,0.22556295991858216
507305,2025-02-15,0.35643487055728634,0.18944078947368423,0.8620000000000001,608,0.21508856807566556
507305,2025-02-16,0.39885557387689607,0.26688938053097333,0.8660000000000001,452,0.21024806643073965
507305,2025-02-17,0.3905017300835037,0.24835636606060596,0.8640000000000001,825,0.24336535929866479
507305,2025-02-18,0.41396595027559918,0.30474213836478004,0.87799999999999989,795,0.25162197351684529
507305,2025-02-19,0.33554755650939538,0.15711688311688313,0.8680000000000001,77,0.23648088710997295
507305,2025-02-20,0.30509281042001024,0.12667187499999996,0.8580000000000001,128,0.22194291215561421
507305,2025-02-21,0.35839223682183347,0.1890292682926831,0.87999999999999989,410,0.21174952869137281
507305,2025-02-22,0.43412292853627249,0.35396774193548386,0.87999999999999989,62,0.23525337904305849
507305,2025-02-23,0.32209454705584162,0.13824561403508775,0.87799999999999989,57,0.21687569811507482
507305,2025-02-24,0.0007952427724875463,0,0,23,0.181396217249274
507305,2025-02-25,0.40838993373140092,0.27742857142857141,0.87599999999999989,91,0.1774942791155299
507305,2025-02-26,0.4402600550948762,0.42591106666666667,0.87400000000000011,45,0.21589344819407039
507305,2025-02-27,0.2366594243575669,0.06831372549019607,0.87400000000000011,51,0.20755656969266983
507305,2025-02-28,0.21205709398912148,0.054074074074074066,0.87599999999999989,81,0.18827725623286856
507305,2025-03-01,0.1044507378096609,0.012528571428571422,0.87799999999999989,140,0.1395002318747382
507305,2025-03-02,0.36866877478014892,0.19802150537634403,0.87799999999999989,93,0.14803964492348909
507305,2025-03-03,0.35770324586519175,0.18448936170212762,0.87599999999999989,94,0.17439526802379304
507305,2025-03-04,0.43277603480620852,0.40249122807017546,0.8680000000000001,342,0.19226136182973647
507305,2025-03-05,0.40177727938187691,0.26029959919028334,0.97,494,0.16860258076168172
507305,2025-03-06,0.39241799748160727,0.22547999999999999,0.91399999999999992,100,0.1910549056916537
507305,2025-03-07,0.44778820677044445,0.43330909090909109,0.89999999999999991,165,0.24523133666808469
507305,2025-03-08,0.44332267143863929,0.39292553191489343,0.8919999999999999,188,0.29957375959470212
507305,2025-03-09,0.44424921113021132,0.3977543859649123,0.8899999999999999,114,0.32810702825021187
507305,2025-03-10,0.42561458859063511,0.31080722891566281,0.89399999999999991,166,0.3461524378521455
507305,2025-03-11,0.37232535713506348,0.24673515981735181,0.89399999999999991,438,0.32390157095888494
507305,2025-03-12,0.24745918363694863,0.13237599999999988,0.6100000000000001,250,0.30562677107455877
507305,2025-03-13,0.28286476416907985,0.22319999999999998,0.59400000000000008,145,0.30530105678884445
507305,2025-03-14,0.23650510643971095,0.12222222222222225,0.59000000000000008,189,0.26086007554786322
507305,2025-03-15,0.25382194847720924,0.15054545454545457,0.57800000000000007,99,0.22623435020937194
507305,2025-03-16,0.22637209457716304,0.10847619047619049,0.57000000000000006,42,0.18490889371098312
507305,2025-03-17,0.261273574333803,0.16871999999999998,0.57200000000000006,125,0.16461071815160272
507305,2025-03-18,0.2799552464234239,0.22789333333333323,0.57200000000000006,150,0.16191902865388577
507305,2025-03-19,0.28011296666516483,0.22784000000000007,0.57200000000000006,150,0.17555674293960008
507305,2025-03-20,0.24394492376939808,0.13380582524271845,0.58600000000000008,103,0.16278614654570273
507305,2025-03-21,0.28626422347989305,0.24130434782608706,0.58400000000000007,115,0.17979787877482625
507305,2025-03-22,0.26505063565918047,0.17092424242424245,0.58200000000000007,132,0.18270913418608167
507305,2025-03-23,0.28265150724501259,0.3245825242718447,0.57800000000000007,103,0.21358146758546084
507305,2025-03-24,0.283646971586316,0.25675471698113211,0.57600000000000007,159,0.22615785572562258
507305,2025-03-25,0.26252071356524631,0.17263934426229507,0.57000000000000006,122,0.21826442871547427
507305,2025-03-26,0.2814661139075838,0.24317355371900823,0.56800000000000006,121,0.2204549363896183
507305,2025-03-27,0.27588823166579873,0.21884955752212393,0.56600000000000006,113,0.23260404100096194
507305,2025-03-28,0.27914554695910293,0.2942240000000001,0.558,125,0.24016399131152094
507305,2025-03-29,0.28021134069366982,0.24825641025641015,0.58000000000000007,195,0.25121144385897348
507305,2025-03-30,0.28659380240290883,0.28104545454545471,0.58000000000000007,132,0.24499186246948917
507305,2025-03-31,0.26408748823319478,0.17536170212765967,0.57200000000000006,94,0.23336428891899313
507305,2025-04-01,0.26014710094065663,0.16751079136690658,0.57200000000000006,139,0.2326316385053662
507305,2025-04-02,0.24468814612709897,0.14008510638297875,0.56800000000000006,141,0.21790471745736198
507305,2025-04-03,0.27673349175699724,0.22162448979591828,0.57000000000000006,245,0.21830113635361831
507305,2025-04-04,0.28212465534555137,0.24307692307692311,0.56800000000000006,65,0.21099441107889302
507305,2025-04-05,0.28012220375367014,0.25044628099173555,0.56600000000000006,121,0.2113072497553681
507305,2025-04-06,0.28336180415786477,0.27197701149425285,0.56800000000000006,87,0.21001175789091067
507305,2025-04-07,0.27686545891620645,0.22206802721088434,0.57000000000000006,147,0.21668409004565706
507305,2025-04-08,0.24137169513414558,0.13652040816326533,0.56800000000000006,196,0.21225689244513687
507305,2025-04-09,0.25899754036971212,0.22063203463203465,0.6120000000000001,231,0.22376359648071631
507305,2025-04-10,0.23117099008481526,0.17359459459459456,0.484,74,0.21690218288052721
507305,2025-04-11,0.21247050215433266,0.12933333333333333,0.47,36,0.20065309863144296
507305,2025-04-12,0.23743650655606971,0.2643076923076923,0.474,52,0.20263330024800819
507305,2025-04-13,0.11870909821913399,0.029749999999999988,0.476,16,0.16802944146311494
507305,2025-04-14,0.23476665930394677,0.22552808988764037,0.47,89,0.16852373613122293
507305,2025-04-15,0.20265770925218116,0.12352459016393438,0.548,244,0.16666719070274708
507305,2025-04-16,0.21631095022608665,0.2487368245614035,0.48,114,0.17068216069265693
507305,2025-04-17,0.2249277232536894,0.19415189873417724,0.45599999999999996,79,0.173618918426883
507305,2025-04-18,0.22499701378841674,0.26947619047619048,0.45599999999999996,42,0.19363932659014832
507305,2025-04-19,0.00392487138446795,0,0,26,0.15588108483190657
507305,2025-04-20,0.22201136096484564,0.14936363636363634,0.476,44,0.17296874716956889
507305,2025-04-21,0.00050156986257552532,0,0,54,0.1407504486141917
507305,2025-04-22,0.0995531929997854,0.021244444444444441,0.478,45,0.12613899922569313
507305,2025-04-23,0.23313696988519672,0.21042391304347824,0.47,184,0.12066572615170382
507305,2025-04-24,0.23075318823715382,0.2511888111888112,0.474,143,0.12881385650236582
507305,2025-04-25,0.19146545702224074,0.35620202020201991,0.472,99,0.14120326074891287
507305,2025-04-26,0.23661648615892919,0.22427272727272726,0.474,44,0.17324222178787391
507305,2025-04-27,0.23534065782440824,0.23854054054054052,0.474,37,0.18598177952743167
507305,2025-04-28,0.20998186803702731,0.13183919597989951,0.472,199,0.20481595038170303
507305,2025-04-29,0.20081157047395656,0.18219876397515539,0.472,322,0.227809424600376
507305,2025-04-30,0.086110605399796966,0.058442255528255535,0.28400000000000003,407,0.20609775924105847
507305,2025-05-01,0.0780149021402967,0.0594503816793893,0.17599999999999993,131,0.17870655502542679
507305,2025-05-02,0.080977719220171981,0.09297999999999991,0.17799999999999994,100,0.14110340928228107
507305,2025-05-03,0.077307049667642944,0.057396825396825356,0.16799999999999993,63,0.11726399472858079
507305,2025-05-04,0.076735520989679659,0.084086956521739087,0.16599999999999993,92,0.095199197011609157
507305,2025-05-05,0.075751130461754593,0.092285714285714235,0.15999999999999992,56,0.089548699626725542
507305,2025-05-06,0.0784569787721665,0.0648185289575289,0.238,518,0.072780094624207481
507305,2025-05-07,0.061833245587293972,0.06813391848617173,0.268,687,0.074164617903909782
507305,2025-05-08,0.085549190229926214,0.10598036661211134,0.22999999999999998,611,0.080811758608584361
507305,2025-05-09,0.084841621389948357,0.10537662708719847,0.20199999999999996,1617,0.082582705335327022
507305,2025-05-10,0.081509322690526367,0.11295005213613338,0.1800000000000001,1381,0.090518880583799588
507305,2025-05-11,0.08197179203507135,0.062037267080745355,0.1720000000000001,161,0.087368924949371915
507305,2025-05-12,0.0758581521502396,0.048909090909090909,0.1720000000000001,88,0.081172264466997157
507305,2025-05-13,0.083741603594826047,0.082726530612244872,0.16999999999999998,245,0.083730550417670871
507305,2025-05-14,0.076793756613036154,0.11791304347826094,0.16800000000000009,161,0.090841853987969318
507305,2025-05-15,0.0822166402194806,0.09945435244161363,0.16800000000000009,942,0.089909566249326792
507305,2025-05-16,0.081481912068274334,0.056666666666666657,0.16999999999999998,27,0.0829510004749651
507305,2025-05-17,0.020442744363256337,0.0024285714285714279,0.16999999999999998,70,0.067162217516741965
507305,2025-05-18,0.072112614278754039,0.039627777777777796,0.174,360,0.063960861902032318
507305,2025-05-19,0.0772811987621916,0.048472089314194569,0.1760000000000001,627,0.063898433102761415
507305,2025-05-20,0.059160686869096528,0.024346895074946442,0.174,1401,0.055558485168861638
507305,2025-05-21,0.038719308490690794,0.0096874999999999982,0.16999999999999998,768,0.040097693243395786
507305,2025-05-22,0.07339260818402539,0.04434955752212387,0.1720000000000001,904,0.032225579683468682
507305,2025-05-23,0.041617508776676325,0.010649696969696965,0.174,825,0.025651726869615869
507305,2025-05-24,0.085115475304148092,0.0700469640883977,0.174,1448,0.035311497249591046
507305,2025-05-25,0.055145389375113429,0.020026881720430108,0.174,2232,0.032511369241398524
507305,2025-05-26,0.081070263003197654,0.11029329962073323,0.174,791,0.041342970713761189
507305,2025-05-27,0.055176689964768308,0.021989150090415938,0.19599999999999995,1106,0.0410061500016854
507305,2025-05-28,0.090424518119032016,0.085718518518518583,0.18799999999999994,135,0.051867724075759486
507305,2025-05-29,0.085660932368320369,0.11791715976331363,0.18799999999999994,676,0.062377381538786594
507305,2025-05-30,0.08613672781691474,0.1280965732087227,0.19599999999999995,642,0.079155506715790275
507305,2025-05-31,0.31686908287088106,0.2197119170984457,0.998,1930,0.10053621428865427
507319,2024-09-17,0.0049295030175464955,0,0,5,0
507319,2024-09-18,0.32070948921194747,0.1130857142857143,0.996,35,0.056542857142857152
507319,2024-09-19,0.27781269520491914,0.082833333333333328,0.994,48,0.065306349206349215
507319,2024-09-20,0.00043175144150870424,0,0,62,0.048979761904761908
507319,2024-09-21,0.0004978066369700667,0,0,55,0.039183809523809524
507319,2024-09-22,0.00048900184766270964,0,0,76,0.032653174603174608
507319,2024-09-23,0.27494910594633548,0.08230573248407641,0.994,157,0.039746397157589146
507319,2024-09-24,0.31981085089937206,0.11469230769230766,0.994,78,0.056131012542204532
507319,2024-09-25,0.00050787450018337016,0,0,28,0.0399759105013882
507319,2024-09-26,0.00050917507721731561,0,0,28,0.028142577168054867
507319,2024-09-27,0.18563643917668962,0.03549999999999999,0.994,84,0.033214005739483438
507319,2024-09-28,0.0004879500364742666,0,0,28,0.033214005739483438
507319,2024-09-29,0.00041194292043554987,0,0,66,0.033214005739483438
507319,2024-09-30,0.14351215890522803,0.020926315789473668,0.994,95,0.024445517640254474
507319,2024-10-01,0.15161451376538376,0.023388235294117647,0.994,85,0.01140207872622733
507319,2024-10-02,0.000488824198337328,0,0,175,0.01140207872622733
507319,2024-10-03,0.24967762898474016,0.066656716417910433,0.994,134,0.020924466785928821
507319,2024-10-04,0.00048800173705043149,0,0,151,0.015853038214500251
507319,2024-10-05,0.00044909286028962925,0,0,48,0.015853038214500251
507319,2024-10-06,0.00050156986257551936,0,0,106,0.015853038214500251
507319,2024-10-07,0.00050251890762960632,0,0,100,0.012863564530289726
507319,2024-10-08,0.00051833334955777145,0,0,114,0.00952238805970149
507319,2024-10-09,0.000490329033266999,0,0,182,0.00952238805970149
507319,2024-10-10,0.42219189353367953,0.23282882882882888,0.994,222,0.03326126126126127
507319,2024-10-11,0.000501364259015917,0,0,183,0.03326126126126127
507319,2024-10-12,0.00050137410083897255,0,0,153,0.03326126126126127
507319,2024-10-13,0.00050256719127227969,0,0,94,0.03326126126126127
507319,2024-10-14,0.00050268098436584093,0,0,93,0.03326126126126127
507319,2024-10-15,0.092519336901960278,0.0086434782608695651,0.994,230,0.034496043869956923
507319,2024-10-16,0.066887298502580336,0.004509090909090914,0.992,440,0.035140199714112766
507319,2024-10-17,0.085626342257306268,0.0074179104477611968,0.994,670,0.0029386399453888109
507319,2024-10-18,0.054648004151818454,0.0030030211480362536,0.994,331,0.0033676429665368472
507319,2024-10-19,0.071469364221362519,0.0051502590673575188,0.994,386,0.0041033942618736354
507319,2024-10-20,0.064108809377535256,0.0041416666666666685,0.994,480,0.0046950609285403028
507319,2024-10-21,0.00049249689490326925,0,0,95,0.0046950609285403028
507319,2024-10-22,0.023530712695030234,0.00055623950755456114,0.994,1787,0.0035397411066381591
507319,2024-10-23,0.13645636124317326,0.0190762643831951,0.994,3737,0.0056207658886530424
507319,2024-10-24,0.041754216787306231,0.0017547448641484424,0.994,4527,0.0048117422338512204
507319,2024-10-25,0.067980164286837633,0.0046704331450094141,0.992,1062,0.0050499439477045289
507319,2024-10-26,0.039047843876355424,0.0015369153459605749,0.994,2587,0.0045337519875049657
507319,2024-10-27,0.000497410746420763,0,0,417,0.0039420853208382992
507319,2024-10-28,0.00050012517173569188,0,0,1994,0.0039420853208382992
507319,2024-10-29,0.00055997948684680587,0,0,977,0.00386262253404479
507319,2024-10-30,0.00050003475971697694,0,0,7046,0.0011374419078740616
507319,2024-10-31,0.084860705263733335,0.0073061877914665776,0.992,14367,0.0019305051832052239
507319,2024-11-01,0.00050005662216868682,0,0,4064,0.0012633004482038789
507319,2024-11-02,0.00050012578939001573,0,0,1832,0.0010437411130666539
507319,2024-11-03,0.00050027294475743424,0,0,827,0.0010437411130666539
507319,2024-11-04,0.00049999588603109239,0,0,2313,0.0010437411130666539
507319,2024-11-05,0.00049887116628873442,0,0,2349,0.0010437411130666539
507319,2024-11-06,0.035723358963662973,0.0012859618717504324,0.992,2308,0.0012274499518881443
507319,2024-11-07,0.00049177750076209281,0,0,1148,0.00018370883882149036
507319,2024-11-08,0.00049100041765179564,0,0,839,0.00018370883882149036
507319,2024-11-09,0.18656712311312826,0.036414854111405916,0.992,5655,0.0053858308547366212
507319,2024-11-10,0.043555007831193628,0.0019181059576945496,0.99,5153,0.0056598459915501286
507319,2024-11-11,0.00061157243077704739,0,0,487,0.0056598459915501286
507319,2024-11-12,0.092663420208517477,0.0087208791208791166,0.992,455,0.006905685865961431
507319,2024-11-13,0.00048397921405799962,0,0,363,0.00672197702713994
507319,2024-11-14,0.00048721746518738608,0,0,596,0.00672197702713994
507319,2024-11-15,0.038455149504545885,0.0014917293233082693,0.992,665,0.0069350812161839788
507319,2024-11-16,0.00049411859988208789,0,0,568,0.001732959200268848
507319,2024-11-17,0.00048066207043679835,0,0,328,0.0014589440634553408
507319,2024-11-18,0.00049668297726893041,0,0,642,0.0014589440634553408
507319,2024-11-19,0.00049870670232141751,0,0,744,0.00021310418904403846
507319,2024-11-20,0.00050021623450585131,0,0,555,0.00021310418904403846
507319,2024-11-21,0.00049992712963599047,0,0,658,0.00021310418904403846
507319,2024-11-22,0.0004488029036773145,0,0,860,0
507319,2024-11-23,0.11064461751561072,0.012486486486486485,0.99,555,0.0017837837837837835
507319,2024-11-24,0.00049304711616447912,0,0,416,0.0017837837837837835
507319,2024-11-25,0.00049755949043883045,0,0,529,0.0017837837837837835
507319,2024-11-26,0.00046027161260961337,0,0,714,0.0017837837837837835
507319,2024-11-27,0.000498631194569765,0,0,739,0.0017837837837837835
507319,2024-11-28,0.00049047531817192347,0,0,636,0.0017837837837837835
507319,2024-11-29,0.00049948719613797875,0,0,525,0.0017837837837837835
507319,2024-11-30,0.0004999631076045265,0,0,534,0
507319,2024-12-01,0.00050068823157146339,0,0,363,0
507319,2024-12-02,0.00049983473805531066,0,0,357,0
507319,2024-12-03,0.00049967880770116337,0,0,459,0
507319,2024-12-04,0.16905712651231081,0.02964071856287424,0.99,334,0.0042343883661248912
507319,2024-12-05,0.0742973976086689,0.0055902255639097747,0.992,532,0.0050329920181120024
507319,2024-12-06,0.000497367586230514,0,0,317,0.0050329920181120024
507319,2024-12-07,0.00049634810947875351,0,0,250,0.0050329920181120024
507319,2024-12-08,0.051269657745455326,0.0026524064171123008,0.992,374,0.0054119072205566169
507319,2024-12-09,0.14839996288321552,0.022661716150081571,0.994,613,0.00864929524199684
507319,2024-12-10,0.00046407896127226213,0,0,588,0.00864929524199684
507319,2024-12-11,0.1472541845090185,0.022227722772277265,0.998,404,0.00759029584334013
