market_id,event_title,trade_date,daily_trade_count,daily_usd_volume,avg_trade_price,min_trade_price,max_trade_price
516861,What price will Bitcoin hit in 2025?,2024-12-30,18,19115.050000000003,0.68472222222222223,0.039,0.961
516861,What price will Bitcoin hit in 2025?,2024-12-31,77,8357.96,0.63406493506493489,0.041,0.957
516861,What price will Bitcoin hit in 2025?,2025-01-01,23,2772.6699999999996,0.83539126086956528,0.048,0.957
516861,What price will Bitcoin hit in 2025?,2025-01-02,82,4420.6900000000014,0.58896337804878041,0.043,0.958
516861,What price will Bitcoin hit in 2025?,2025-01-03,111,11567.490000000002,0.53575674774774773,0.04,0.959
516861,What price will Bitcoin hit in 2025?,2025-01-04,22,3202.4199999999996,0.9534999999999999,0.952,0.954
516861,What price will Bitcoin hit in 2025?,2025-01-05,31,714.94999999999993,0.6905161290322579,0.047,0.954
516861,What price will Bitcoin hit in 2025?,2025-01-06,51,11038.64,0.77533333333333343,0.047,0.954
516861,What price will Bitcoin hit in 2025?,2025-01-07,60,15704.239999999996,0.65191664999999976,0.043,0.958
516861,What price will Bitcoin hit in 2025?,2025-01-08,46,2001.1299999999994,0.87539123913043493,0.043,0.958
516861,What price will Bitcoin hit in 2025?,2025-01-09,3,3.51,0.34733333333333333,0.043,0.956
516861,What price will Bitcoin hit in 2025?,2025-01-10,57,6872.4599999999982,0.74812280701754375,0.042,0.959
516861,What price will Bitcoin hit in 2025?,2025-01-11,45,2575.3700000000003,0.75322222222222235,0.042,0.959
516861,What price will Bitcoin hit in 2025?,2025-01-12,10,279.44,0.5915999,0.045,0.956
516861,What price will Bitcoin hit in 2025?,2025-01-13,70,6111.4600000000037,0.7351425285714287,0.04,0.959
516861,What price will Bitcoin hit in 2025?,2025-01-14,56,2003.8299999999986,0.82782096428571428,0.043,0.959
516861,What price will Bitcoin hit in 2025?,2025-01-15,16,2730.8300000000004,0.558,0.042,0.959
516861,What price will Bitcoin hit in 2025?,2025-01-16,24,708.80000000000018,0.46220833333333333,0.042,0.959
516861,What price will Bitcoin hit in 2025?,2025-01-17,24,4864.2000000000007,0.499625,0.044,0.955
516861,What price will Bitcoin hit in 2025?,2025-01-18,96,3359.0200000000009,0.4996458333333334,0.046,0.955
516861,What price will Bitcoin hit in 2025?,2025-01-19,206,6591.3500000000022,0.70520346601941752,0.048,0.953
516861,What price will Bitcoin hit in 2025?,2025-01-20,90,31022.649999999994,0.70475530000000031,0.057,0.942
516861,What price will Bitcoin hit in 2025?,2025-01-21,52,7059.8000000000011,0.56844230769230775,0.051,0.95
516861,What price will Bitcoin hit in 2025?,2025-01-22,113,2194.76,0.710495575221239,0.051,0.949
516861,What price will Bitcoin hit in 2025?,2025-01-23,46,822.69,0.69530434782608708,0.051,0.95
516861,What price will Bitcoin hit in 2025?,2025-01-24,21,2263.5299999999997,0.65099999999999991,0.05,0.953
516861,What price will Bitcoin hit in 2025?,2025-01-25,11,313.35,0.86981818181818182,0.05,0.953
516861,What price will Bitcoin hit in 2025?,2025-01-26,11,225.75,0.539909090909091,0.047,0.952
516861,What price will Bitcoin hit in 2025?,2025-01-27,15,383.91999999999996,0.34820000000000007,0.047,0.952
516861,What price will Bitcoin hit in 2025?,2025-01-28,25,3784.29,0.73488,0.046,0.954
516861,What price will Bitcoin hit in 2025?,2025-01-29,8,713.63,0.61349999999999993,0.048,0.953
516861,What price will Bitcoin hit in 2025?,2025-01-30,38,4183.48,0.80863157894736848,0.048,0.953
516861,What price will Bitcoin hit in 2025?,2025-01-31,51,14979.179999999993,0.84468627450980382,0.045,0.955
516861,What price will Bitcoin hit in 2025?,2025-02-01,31,2433.43,0.5438064516129032,0.042,0.958
516861,What price will Bitcoin hit in 2025?,2025-02-02,11,563.66000000000008,0.6227272727272728,0.042,0.955
516861,What price will Bitcoin hit in 2025?,2025-02-03,18,1320.42,0.95461105555555559,0.952,0.957
516861,What price will Bitcoin hit in 2025?,2025-02-04,45,1568.7,0.610111111111111,0.042,0.957
516861,What price will Bitcoin hit in 2025?,2025-02-05,37,1703.7099999999998,0.68491891891891887,0.043,0.957
516861,What price will Bitcoin hit in 2025?,2025-02-06,6,142.64000000000001,0.95316649999999992,0.952,0.954999
516861,What price will Bitcoin hit in 2025?,2025-02-07,22,763.32999999999993,0.66477272727272729,0.044,0.956
516861,What price will Bitcoin hit in 2025?,2025-02-08,88,10459.500000000005,0.62182954545454538,0.044,0.957
516861,What price will Bitcoin hit in 2025?,2025-02-09,26,3653.889999999999,0.67003846153846158,0.051,0.948
516861,What price will Bitcoin hit in 2025?,2025-02-10,58,7720.7999999999993,0.57687931034482764,0.049,0.951
516861,What price will Bitcoin hit in 2025?,2025-02-11,65,15138.04,0.869430769230769,0.046,0.955
516861,What price will Bitcoin hit in 2025?,2025-02-12,43,14574.89,0.9323720697674418,0.046,0.954
516861,What price will Bitcoin hit in 2025?,2025-02-13,38,5748.44,0.85860526315789487,0.045,0.955
516861,What price will Bitcoin hit in 2025?,2025-02-14,54,10575.120000000003,0.7854444444444445,0.044,0.957
516861,What price will Bitcoin hit in 2025?,2025-02-15,18,1315.73,0.4491666666666666,0.047,0.952
516861,What price will Bitcoin hit in 2025?,2025-02-16,28,6660.9,0.78999999999999992,0.047,0.953
516861,What price will Bitcoin hit in 2025?,2025-02-17,41,6002.4600000000019,0.84151219512195119,0.046,0.953
516861,What price will Bitcoin hit in 2025?,2025-02-18,72,32849.97,0.77719444444444452,0.044,0.956
516861,What price will Bitcoin hit in 2025?,2025-02-19,59,12309.979999999996,0.89276271186440659,0.044,0.955
516861,What price will Bitcoin hit in 2025?,2025-02-20,57,3189.3500000000004,0.79421050877192978,0.044,0.955
516861,What price will Bitcoin hit in 2025?,2025-02-21,14,617.58999999999992,0.824,0.05,0.954
516861,What price will Bitcoin hit in 2025?,2025-02-22,21,10580.119999999997,0.908904761904762,0.05,0.954
516861,What price will Bitcoin hit in 2025?,2025-02-23,51,2002.3999999999994,0.42045098039215689,0.048,0.952
516861,What price will Bitcoin hit in 2025?,2025-02-24,13,1035.39,0.88238461538461532,0.048,0.953
516861,What price will Bitcoin hit in 2025?,2025-02-25,40,3046.3,0.47755,0.048,0.953
516861,What price will Bitcoin hit in 2025?,2025-02-26,8,1404.83,0.9525,0.951,0.953
516861,What price will Bitcoin hit in 2025?,2025-02-27,37,1677.7199999999998,0.92756756756756753,0.049,0.953
516861,What price will Bitcoin hit in 2025?,2025-02-28,97,17912.99,0.78659793814432988,0.042,0.959
516861,What price will Bitcoin hit in 2025?,2025-03-01,101,4418.079999999999,0.64905940594059419,0.042,0.957
516861,What price will Bitcoin hit in 2025?,2025-03-02,99,7900.8599999999988,0.48591919191919203,0.037,0.963
516861,What price will Bitcoin hit in 2025?,2025-03-03,58,4533.09,0.75251724137931042,0.04,0.961
516861,What price will Bitcoin hit in 2025?,2025-03-04,58,4646.8600000000006,0.67479310344827592,0.036,0.964
516861,What price will Bitcoin hit in 2025?,2025-03-05,58,3976.3500000000008,0.78756896551724132,0.037,0.964
516861,What price will Bitcoin hit in 2025?,2025-03-06,59,4315.28,0.61689830508474575,0.02,0.979
516861,What price will Bitcoin hit in 2025?,2025-03-07,62,5267.9500000000007,0.77535483870967747,0.022,0.977
516861,What price will Bitcoin hit in 2025?,2025-03-08,101,7640.1099999999988,0.80650495049504933,0.024,0.977
516861,What price will Bitcoin hit in 2025?,2025-03-09,87,1586.42,0.243287356321839,0.024,0.977
516861,What price will Bitcoin hit in 2025?,2025-03-10,25,31.329999999999995,0.02664,0.024,0.03
516861,What price will Bitcoin hit in 2025?,2025-03-11,35,1060.41,0.59502857142857135,0.024,0.976
516861,What price will Bitcoin hit in 2025?,2025-03-12,55,1659.4100000000005,0.3720181818181818,0.026,0.975
516861,What price will Bitcoin hit in 2025?,2025-03-13,38,500.03000000000003,0.2527105263157895,0.029,0.971
516861,What price will Bitcoin hit in 2025?,2025-03-14,36,1544.4599999999994,0.42225,0.03,0.968
516861,What price will Bitcoin hit in 2025?,2025-03-15,42,1447.4899999999998,0.52254759523809524,0.035,0.967
516861,What price will Bitcoin hit in 2025?,2025-03-16,73,1231.6499999999999,0.59556161643835626,0.033,0.966
516861,What price will Bitcoin hit in 2025?,2025-03-17,60,1037.3799999999994,0.43913333333333343,0.035,0.966
516861,What price will Bitcoin hit in 2025?,2025-03-18,28,353.64000000000004,0.59785714285714264,0.035,0.964
516861,What price will Bitcoin hit in 2025?,2025-03-19,55,382.89999999999992,0.55874545454545455,0.035,0.963
516861,What price will Bitcoin hit in 2025?,2025-03-20,23,575.06999999999994,0.600608695652174,0.035,0.963
516861,What price will Bitcoin hit in 2025?,2025-03-21,52,880.1,0.6074807692307691,0.033,0.968
516861,What price will Bitcoin hit in 2025?,2025-03-22,45,1881.4500000000003,0.67639999999999989,0.032,0.969
516861,What price will Bitcoin hit in 2025?,2025-03-23,22,1143.03,0.75518181818181818,0.032,0.969
516861,What price will Bitcoin hit in 2025?,2025-03-24,56,1431.9499999999998,0.45016071428571419,0.031,0.969
516861,What price will Bitcoin hit in 2025?,2025-03-25,50,616.45000000000016,0.4250799999999999,0.033,0.965
516861,What price will Bitcoin hit in 2025?,2025-03-26,38,612.06000000000006,0.49997368421052629,0.033,0.967
516861,What price will Bitcoin hit in 2025?,2025-03-27,30,191.79000000000002,0.43863333333333338,0.034,0.967
516861,What price will Bitcoin hit in 2025?,2025-03-28,56,885.34000000000026,0.55057142857142838,0.035,0.967
516861,What price will Bitcoin hit in 2025?,2025-03-29,32,1457.3500000000001,0.64553125000000011,0.034,0.967
516861,What price will Bitcoin hit in 2025?,2025-03-30,35,237.52999999999997,0.56685714285714262,0.034,0.965
516861,What price will Bitcoin hit in 2025?,2025-03-31,125,1490.1199999999997,0.62987196800000012,0.035,0.965
516861,What price will Bitcoin hit in 2025?,2025-04-01,244,2179.2300000000009,0.4960901024590163,0.035,0.964
516861,What price will Bitcoin hit in 2025?,2025-04-02,77,882.05000000000041,0.63849344155844157,0.035,0.964
516861,What price will Bitcoin hit in 2025?,2025-04-03,204,3463.4300000000003,0.62273527450980415,0.034,0.968
516861,What price will Bitcoin hit in 2025?,2025-04-04,207,2146.9199999999992,0.50666183574879209,0.034,0.967
516861,What price will Bitcoin hit in 2025?,2025-04-05,172,2112.1899999999996,0.58698836627907025,0.033,0.967
516861,What price will Bitcoin hit in 2025?,2025-04-06,68,550.3599999999999,0.48605882352941182,0.033,0.967
516861,What price will Bitcoin hit in 2025?,2025-04-07,43,275.8,0.44611625581395348,0.033,0.967
516861,What price will Bitcoin hit in 2025?,2025-04-08,43,3881.0899999999992,0.81502325581395352,0.033,0.968
516861,What price will Bitcoin hit in 2025?,2025-04-09,33,926.71000000000015,0.79766666666666675,0.032,0.968
516861,What price will Bitcoin hit in 2025?,2025-04-10,11,17.88,0.20190909090909093,0.032,0.967
516861,What price will Bitcoin hit in 2025?,2025-04-11,43,1905.03,0.94397674418604649,0.037,0.967
516861,What price will Bitcoin hit in 2025?,2025-04-12,23,1014.33,0.96565213043478271,0.965,0.966
516861,What price will Bitcoin hit in 2025?,2025-04-13,37,2038.0299999999997,0.56286478378378368,0.034,0.966
516861,What price will Bitcoin hit in 2025?,2025-04-14,44,5832.0099999999993,0.81820454545454546,0.031,0.968
516861,What price will Bitcoin hit in 2025?,2025-04-15,75,3535.16,0.6805066666666667,0.031,0.968
516861,What price will Bitcoin hit in 2025?,2025-04-16,81,7876.5199999999986,0.73624688888888878,0.031,0.969
516861,What price will Bitcoin hit in 2025?,2025-04-17,38,1517.64,0.27815786842105261,0.031,0.968
516861,What price will Bitcoin hit in 2025?,2025-04-18,54,2176.87,0.1883332962962963,0.031,0.969
516861,What price will Bitcoin hit in 2025?,2025-04-19,68,293.31,0.73489702941176449,0.033,0.969
516861,What price will Bitcoin hit in 2025?,2025-04-20,93,1030.4700000000003,0.69748387096774211,0.034,0.969
516861,What price will Bitcoin hit in 2025?,2025-04-21,41,684.68,0.87673160975609765,0.032,0.969
516861,What price will Bitcoin hit in 2025?,2025-04-22,22,824.29000000000008,0.5419090909090909,0.032,0.967
516861,What price will Bitcoin hit in 2025?,2025-04-23,105,1646.3300000000002,0.66439047619047642,0.032,0.968
516861,What price will Bitcoin hit in 2025?,2025-04-24,101,1272.54,0.47732673267326731,0.035,0.966
516861,What price will Bitcoin hit in 2025?,2025-04-25,34,1960.8300000000002,0.96579411764705891,0.964,0.966
516861,What price will Bitcoin hit in 2025?,2025-04-26,28,497.21000000000015,0.96582139285714286,0.965,0.966
516861,What price will Bitcoin hit in 2025?,2025-04-27,44,4614.0199999999995,0.96615909090909091,0.965,0.968
516861,What price will Bitcoin hit in 2025?,2025-04-28,45,107.14999999999999,0.48982219999999993,0.03,0.969
516861,What price will Bitcoin hit in 2025?,2025-04-29,79,508.8599999999999,0.31436708860759516,0.025,0.974
516861,What price will Bitcoin hit in 2025?,2025-04-30,49,413.52000000000004,0.27691836734693875,0.025,0.974
516861,What price will Bitcoin hit in 2025?,2025-05-01,40,289.59999999999997,0.21595,0.025,0.971
516861,What price will Bitcoin hit in 2025?,2025-05-02,24,49.15,0.61737495833333333,0.026,0.973
516861,What price will Bitcoin hit in 2025?,2025-05-03,16,177.75999999999993,0.9723750000000001,0.971,0.973
516861,What price will Bitcoin hit in 2025?,2025-05-04,18,290.14,0.91994444444444445,0.032,0.973
516861,What price will Bitcoin hit in 2025?,2025-05-05,85,715.18000000000006,0.45035294117647046,0.028,0.973
516861,What price will Bitcoin hit in 2025?,2025-05-06,31,209.9,0.54558064516129035,0.027,0.973
516861,What price will Bitcoin hit in 2025?,2025-05-07,105,4361.49,0.55736190476190473,0.025,0.974
516861,What price will Bitcoin hit in 2025?,2025-05-08,44,222.73,0.3276590909090909,0.025,0.974
516861,What price will Bitcoin hit in 2025?,2025-05-09,94,2355.920000000001,0.47047871276595737,0.026,0.974
516861,What price will Bitcoin hit in 2025?,2025-05-10,167,653.86000000000013,0.36774251497005966,0.026,0.973
516861,What price will Bitcoin hit in 2025?,2025-05-11,105,486.68999999999971,0.35227619047619052,0.03,0.969
516861,What price will Bitcoin hit in 2025?,2025-05-12,95,1752.3499999999995,0.15902105263157892,0.027,0.972
516861,What price will Bitcoin hit in 2025?,2025-05-13,134,1822.55,0.35269402985074627,0.028,0.972
516861,What price will Bitcoin hit in 2025?,2025-05-14,118,5603.42,0.33353389830508462,0.026,0.974
516861,What price will Bitcoin hit in 2025?,2025-05-15,144,4875.9400000000005,0.35528472222222207,0.026,0.972
516861,What price will Bitcoin hit in 2025?,2025-05-16,151,424.5799999999997,0.19541721854304639,0.025,0.975
516861,What price will Bitcoin hit in 2025?,2025-05-17,94,2174.7100000000005,0.89308509574468087,0.029,0.974
516861,What price will Bitcoin hit in 2025?,2025-05-18,62,34035.020000000004,0.53106451612903216,0.027,0.974
516861,What price will Bitcoin hit in 2025?,2025-05-19,83,20152.42,0.71142166265060247,0.027,0.974
516861,What price will Bitcoin hit in 2025?,2025-05-20,83,22888.879999999983,0.642156626506024,0.023,0.979
516861,What price will Bitcoin hit in 2025?,2025-05-21,126,2233.78,0.68756349206349221,0.028,0.973
516861,What price will Bitcoin hit in 2025?,2025-05-22,162,11687.24,0.49426542592592576,0.028,0.973
516861,What price will Bitcoin hit in 2025?,2025-05-23,37,20.520000000000003,0.032378378378378384,0.032,0.036
516861,What price will Bitcoin hit in 2025?,2025-05-24,42,839.4100000000002,0.812214261904762,0.032,0.969
516861,What price will Bitcoin hit in 2025?,2025-05-25,80,2384.88,0.83906249999999982,0.033,0.968
516861,What price will Bitcoin hit in 2025?,2025-05-26,89,1504.5100000000004,0.68378651685393255,0.034,0.968
516861,What price will Bitcoin hit in 2025?,2025-05-27,52,2568.8,0.53646153846153843,0.03,0.97
516861,What price will Bitcoin hit in 2025?,2025-05-28,83,2206.99,0.290710843373494,0.028,0.971
516861,What price will Bitcoin hit in 2025?,2025-05-29,44,1111.5199999999998,0.3935909090909091,0.028,0.971
516861,What price will Bitcoin hit in 2025?,2025-05-30,39,1157.99,0.15082051282051281,0.028,0.966
516861,What price will Bitcoin hit in 2025?,2025-05-31,107,806.91,0.1166822429906542,0.028,0.971
516861,What price will Bitcoin hit in 2025?,2025-06-01,21,331.95999999999992,0.65676176190476188,0.029,0.971
516861,What price will Bitcoin hit in 2025?,2025-06-02,59,6933.2000000000007,0.636084745762712,0.025,0.975
516861,What price will Bitcoin hit in 2025?,2025-06-03,27,1461.4699999999998,0.37659259259259259,0.025,0.974
516861,What price will Bitcoin hit in 2025?,2025-06-04,59,1953.8799999999992,0.33005084745762708,0.02,0.979
516861,What price will Bitcoin hit in 2025?,2025-06-05,69,6749.42,0.5758550724637681,0.02,0.98
516861,What price will Bitcoin hit in 2025?,2025-06-06,62,2292.8799999999997,0.60648387096774192,0.02,0.979
516861,What price will Bitcoin hit in 2025?,2025-06-07,21,1107.5,0.92980947619047627,0.025,0.976
516861,What price will Bitcoin hit in 2025?,2025-06-08,17,560.3,0.75170588235294111,0.024,0.976
516861,What price will Bitcoin hit in 2025?,2025-06-09,40,3015.309999999999,0.66642499999999993,0.022,0.979
516861,What price will Bitcoin hit in 2025?,2025-06-10,50,15373.63,0.70929995999999984,0.02,0.98
516861,What price will Bitcoin hit in 2025?,2025-06-11,74,8777.0399999999972,0.46217566216216205,0.024,0.976
516861,What price will Bitcoin hit in 2025?,2025-06-12,63,7975.3900000000012,0.56736507936507963,0.018,0.982
516861,What price will Bitcoin hit in 2025?,2025-06-13,45,852.98000000000013,0.51064444444444435,0.027,0.976
516861,What price will Bitcoin hit in 2025?,2025-06-14,36,4249.9899999999989,0.65700000000000014,0.026,0.975
516861,What price will Bitcoin hit in 2025?,2025-06-15,17,174.45000000000002,0.35970588235294115,0.026,0.973
516861,What price will Bitcoin hit in 2025?,2025-06-16,19,64.559999999999988,0.82331563157894727,0.026,0.973
516861,What price will Bitcoin hit in 2025?,2025-06-17,44,717.04,0.62799999999999989,0.027,0.972
516861,What price will Bitcoin hit in 2025?,2025-06-18,27,1689.77,0.72800000000000009,0.026,0.974
516861,What price will Bitcoin hit in 2025?,2025-06-19,27,217.28000000000003,0.51703703703703707,0.026,0.973
516861,What price will Bitcoin hit in 2025?,2025-06-20,17,240.14999999999998,0.30482352941176466,0.026,0.973
516861,What price will Bitcoin hit in 2025?,2025-06-21,24,683.58999999999992,0.65766662500000006,0.026,0.974
516861,What price will Bitcoin hit in 2025?,2025-06-22,57,2951.5700000000011,0.89021049122807,0.024,0.976
516861,What price will Bitcoin hit in 2025?,2025-06-23,36,249.67,0.42075,0.025,0.976
516861,What price will Bitcoin hit in 2025?,2025-06-24,80,1106.3100000000004,0.6300875,0.025,0.975
516861,What price will Bitcoin hit in 2025?,2025-06-25,42,1436.07,0.4094523809523809,0.026,0.972
516861,What price will Bitcoin hit in 2025?,2025-06-26,70,838.58999999999958,0.4051571285714286,0.025,0.975
516861,What price will Bitcoin hit in 2025?,2025-06-27,142,802.11000000000013,0.84019704225352088,0.026,0.975
516861,What price will Bitcoin hit in 2025?,2025-06-28,136,2861.2200000000003,0.52046323529411764,0.026,0.974
516861,What price will Bitcoin hit in 2025?,2025-06-29,137,605.81000000000006,0.31646715328467151,0.026,0.973
516861,What price will Bitcoin hit in 2025?,2025-06-30,185,2900.9600000000005,0.43068108108108122,0.026,0.973
516861,What price will Bitcoin hit in 2025?,2025-07-01,343,18416.320000000014,0.59911660932944621,0.027,0.973
516861,What price will Bitcoin hit in 2025?,2025-07-02,232,4679.3999999999978,0.58076723275862063,0.029,0.971
516861,What price will Bitcoin hit in 2025?,2025-07-03,351,7838.2199999999984,0.56031623646723683,0.028,0.972
516861,What price will Bitcoin hit in 2025?,2025-07-04,193,2402.8400000000015,0.63307772020725361,0.03,0.969
516861,What price will Bitcoin hit in 2025?,2025-07-05,108,4570.25,0.53466666666666662,0.027,0.973
516861,What price will Bitcoin hit in 2025?,2025-07-06,149,3153.1299999999987,0.69164429530201355,0.029,0.972
516861,What price will Bitcoin hit in 2025?,2025-07-07,376,4672.7100000000028,0.51497606382978689,0.03,0.969
516861,What price will Bitcoin hit in 2025?,2025-07-08,536,4115.2499999999982,0.51047761194029839,0.03,0.969
516861,What price will Bitcoin hit in 2025?,2025-07-09,592,14988.629999999994,0.54920101351351336,0.03,0.97
516861,What price will Bitcoin hit in 2025?,2025-07-10,510,5763.5999999999995,0.4871058843137257,0.031,0.969
516861,What price will Bitcoin hit in 2025?,2025-07-11,422,8595.1500000000015,0.5729431279620858,0.03,0.971
516861,What price will Bitcoin hit in 2025?,2025-07-12,234,4363.3600000000006,0.63653845726495717,0.028,0.972
516861,What price will Bitcoin hit in 2025?,2025-07-13,258,5889.0800000000045,0.53234108527131807,0.027,0.972
516861,What price will Bitcoin hit in 2025?,2025-07-14,375,9534.1099999999988,0.4124559973333336,0.026,0.974
516861,What price will Bitcoin hit in 2025?,2025-07-15,31,298.22999999999996,0.36293548387096775,0.026,0.973
516861,What price will Bitcoin hit in 2025?,2025-07-16,249,21616.319999999985,0.55489156626506009,0.022,0.978
516861,What price will Bitcoin hit in 2025?,2025-07-17,328,14038.349999999999,0.48865548475609744,0.023,0.976
516861,What price will Bitcoin hit in 2025?,2025-07-18,375,19533.819999999989,0.5115306666666668,0.021,0.978
516861,What price will Bitcoin hit in 2025?,2025-07-19,347,30634.559999999994,0.62245533141210407,0.02,0.98
516861,What price will Bitcoin hit in 2025?,2025-07-20,341,48409.340000000033,0.501117302052786,0.021,0.979
516861,What price will Bitcoin hit in 2025?,2025-07-21,221,6754.9000000000024,0.60076922624434348,0.025,0.975
516861,What price will Bitcoin hit in 2025?,2025-07-22,259,7497.090000000002,0.5642934362934362,0.02,0.979
516861,What price will Bitcoin hit in 2025?,2025-07-23,268,9181.5899999999965,0.56747388059701465,0.023,0.977
516861,What price will Bitcoin hit in 2025?,2025-07-24,191,4242.6600000000017,0.53753403141361289,0.024,0.977
516861,What price will Bitcoin hit in 2025?,2025-07-25,197,3675.39,0.46878680203045675,0.024,0.977
516861,What price will Bitcoin hit in 2025?,2025-07-26,399,22334.09,0.587030067669173,0.018,0.98
516861,What price will Bitcoin hit in 2025?,2025-07-27,252,14104.72999999999,0.72717459523809524,0.012,0.988
516861,What price will Bitcoin hit in 2025?,2025-07-28,142,1529.5400000000002,0.49369014084507046,0.022,0.98
516861,What price will Bitcoin hit in 2025?,2025-07-29,192,9478.9999999999964,0.44049479166666666,0.018,0.983
516861,What price will Bitcoin hit in 2025?,2025-07-30,175,10086.120000000003,0.53006285714285706,0.02,0.979
516861,What price will Bitcoin hit in 2025?,2025-07-31,185,8954.3900000000031,0.445318918918919,0.019,0.981
516861,What price will Bitcoin hit in 2025?,2025-08-01,180,7285.3699999999981,0.37711111111111117,0.018,0.982
516861,What price will Bitcoin hit in 2025?,2025-08-02,199,12754.63,0.347150753768844,0.016,0.984
516861,What price will Bitcoin hit in 2025?,2025-08-03,136,3437.9299999999985,0.40047058823529391,0.016,0.983
516861,What price will Bitcoin hit in 2025?,2025-08-04,265,8995.5699999999979,0.3562264150943395,0.016,0.984
516861,What price will Bitcoin hit in 2025?,2025-08-05,125,22260.61,0.43468000000000012,0.017,0.984
516861,What price will Bitcoin hit in 2025?,2025-08-06,89,4472.4100000000008,0.39686516853932591,0.017,0.983
516861,What price will Bitcoin hit in 2025?,2025-08-07,60,4227.4000000000005,0.4836999999999998,0.016,0.984
516861,What price will Bitcoin hit in 2025?,2025-08-08,124,21387.340000000004,0.73407257258064562,0.015,0.985
516861,What price will Bitcoin hit in 2025?,2025-08-09,91,10583.360000000004,0.76080218681318645,0.014,0.986
516861,What price will Bitcoin hit in 2025?,2025-08-10,155,4564.4299999999994,0.55931612903225791,0.016,0.985
516861,What price will Bitcoin hit in 2025?,2025-08-11,226,3842.3900000000021,0.46153095575221237,0.016,0.985
516861,What price will Bitcoin hit in 2025?,2025-08-12,110,1809.8599999999997,0.41240909090909089,0.016,0.985
516861,What price will Bitcoin hit in 2025?,2025-08-13,96,7629.3399999999974,0.62133331250000012,0.016,0.985
516861,What price will Bitcoin hit in 2025?,2025-08-14,184,3105.14,0.52117934239130437,0.016,0.985
516861,What price will Bitcoin hit in 2025?,2025-08-15,97,8591.0399999999972,0.61489689690721638,0.016,0.985
516861,What price will Bitcoin hit in 2025?,2025-08-16,127,2076.110000000001,0.6256220314960631,0.015,0.985
516861,What price will Bitcoin hit in 2025?,2025-08-17,49,428.75999999999993,0.13404081632653059,0.015,0.985
516861,What price will Bitcoin hit in 2025?,2025-08-18,104,1638.1499999999996,0.36961538461538457,0.014,0.985
516861,What price will Bitcoin hit in 2025?,2025-08-19,83,776.29999999999984,0.29524096385542176,0.014,0.986
516861,What price will Bitcoin hit in 2025?,2025-08-20,213,4383.7999999999993,0.40674647887323945,0.013,0.986
516861,What price will Bitcoin hit in 2025?,2025-08-21,207,3799.1300000000015,0.64305314009661829,0.015,0.986
516861,What price will Bitcoin hit in 2025?,2025-08-22,159,2090.2200000000007,0.539767295597484,0.015,0.986
516861,What price will Bitcoin hit in 2025?,2025-08-23,204,2258.5099999999998,0.34289215686274521,0.013,0.986
516861,What price will Bitcoin hit in 2025?,2025-08-24,164,1430.4700000000003,0.4051707256097562,0.013,0.987
516861,What price will Bitcoin hit in 2025?,2025-08-25,190,2978.9099999999989,0.48997368421052634,0.013,0.987
516861,What price will Bitcoin hit in 2025?,2025-08-26,167,2255.0799999999986,0.462365269461078,0.013,0.986
516861,What price will Bitcoin hit in 2025?,2025-08-27,87,913.15000000000009,0.41687356321839086,0.014,0.985
516861,What price will Bitcoin hit in 2025?,2025-08-28,134,1915.9099999999996,0.50005223880597027,0.014,0.985
516861,What price will Bitcoin hit in 2025?,2025-08-29,53,519.32,0.3266981132075471,0.013,0.985
516861,What price will Bitcoin hit in 2025?,2025-08-30,31,13.14,0.046419354838709674,0.013,0.983
516861,What price will Bitcoin hit in 2025?,2025-08-31,17,15.530000000000003,0.07094117647058823,0.013,0.983
516861,What price will Bitcoin hit in 2025?,2025-09-01,43,780.07000000000016,0.28606976744186047,0.013,0.986
516861,What price will Bitcoin hit in 2025?,2025-09-02,198,2910.36,0.56858585858585842,0.015,0.986
516861,What price will Bitcoin hit in 2025?,2025-09-03,43,51878.81,0.42079069767441857,0.011,0.989
516861,What price will Bitcoin hit in 2025?,2025-09-04,28,254.99000000000004,0.39492857142857141,0.013,0.985
516861,What price will Bitcoin hit in 2025?,2025-09-05,19,120.07,0.32110526315789467,0.013,0.988
516861,What price will Bitcoin hit in 2025?,2025-09-06,15,170.07999999999998,0.92219999999999991,0.013,0.988
516861,What price will Bitcoin hit in 2025?,2025-09-07,18,1054.1100000000001,0.22855555555555557,0.012,0.988
516861,What price will Bitcoin hit in 2025?,2025-09-08,111,8386.4499999999971,0.29322522522522526,0.01,0.99
516861,What price will Bitcoin hit in 2025?,2025-09-09,115,6629.8500000000013,0.47862608695652181,0.01,0.989
516861,What price will Bitcoin hit in 2025?,2025-09-10,95,1069.1500000000003,0.4227473684210527,0.01,0.989
516861,What price will Bitcoin hit in 2025?,2025-09-11,80,867.1400000000001,0.41465,0.01,0.99
516861,What price will Bitcoin hit in 2025?,2025-09-12,76,999.61000000000024,0.40997368421052638,0.01,0.989
516861,What price will Bitcoin hit in 2025?,2025-09-13,173,1963.7600000000018,0.44060693641618509,0.01,0.989
516861,What price will Bitcoin hit in 2025?,2025-09-14,120,908.66000000000031,0.27175833333333332,0.01,0.989
516861,What price will Bitcoin hit in 2025?,2025-09-15,166,1348.7800000000011,0.34668072289156637,0.008,0.991
516861,What price will Bitcoin hit in 2025?,2025-09-16,100,688.68000000000006,0.15653000000000003,0.008,0.991
516861,What price will Bitcoin hit in 2025?,2025-09-17,74,9592.76,0.55325675675675634,0.009,0.991
516861,What price will Bitcoin hit in 2025?,2025-09-18,143,3075.5599999999995,0.57182517482517492,0.008,0.992
516861,What price will Bitcoin hit in 2025?,2025-09-19,54,476.48999999999984,0.26377777777777778,0.009,0.99
516861,What price will Bitcoin hit in 2025?,2025-09-20,50,1471.3000000000002,0.53948,0.009,0.991
516861,What price will Bitcoin hit in 2025?,2025-09-21,90,1383.3599999999992,0.33653333333333341,0.008,0.992
516861,What price will Bitcoin hit in 2025?,2025-09-22,94,1336.29,0.21792553191489367,0.008,0.991
516861,What price will Bitcoin hit in 2025?,2025-09-23,219,1998.5099999999998,0.40340639269406409,0.008,0.992
516861,What price will Bitcoin hit in 2025?,2025-09-24,289,3755.2200000000016,0.44062975778546731,0.008,0.991
516861,What price will Bitcoin hit in 2025?,2025-09-25,212,3231.5799999999972,0.5969528207547169,0.011,0.99
516861,What price will Bitcoin hit in 2025?,2025-09-26,217,3998.1299999999997,0.49337787557603707,0.011,0.989
516861,What price will Bitcoin hit in 2025?,2025-09-27,197,2572.2299999999987,0.58156852791878166,0.011,0.989
516861,What price will Bitcoin hit in 2025?,2025-09-28,98,2051.71,0.519887755102041,0.011,0.988
516861,What price will Bitcoin hit in 2025?,2025-09-29,161,2355.9099999999985,0.4605155279503107,0.011,0.988
516861,What price will Bitcoin hit in 2025?,2025-09-30,175,3034.1000000000008,0.5750571428571426,0.011,0.988
516861,What price will Bitcoin hit in 2025?,2025-10-01,173,4766.1200000000035,0.38979768786127167,0.01,0.989
516861,What price will Bitcoin hit in 2025?,2025-10-02,65,2151.3600000000006,0.76276923076923075,0.01,0.989
516861,What price will Bitcoin hit in 2025?,2025-10-03,84,5343.3700000000017,0.4416071428571427,0.01,0.989
516861,What price will Bitcoin hit in 2025?,2025-10-04,317,17067.189999999995,0.60366561514195594,0.01,0.99
516861,What price will Bitcoin hit in 2025?,2025-10-05,232,6257.9799999999977,0.64371551724137921,0.009,0.991
516861,What price will Bitcoin hit in 2025?,2025-10-06,253,7800.24,0.50244664031620556,0.009,0.991
516861,What price will Bitcoin hit in 2025?,2025-10-07,241,10952.580000000004,0.32341908713692952,0.01,0.99
516861,What price will Bitcoin hit in 2025?,2025-10-08,135,13277.550000000001,0.40194814074074076,0.009,0.991
516861,What price will Bitcoin hit in 2025?,2025-10-09,301,4801.9499999999971,0.40363122923588063,0.009,0.99
516861,What price will Bitcoin hit in 2025?,2025-10-10,410,13075.410000000003,0.49265365853658555,0.005,0.995
516861,What price will Bitcoin hit in 2025?,2025-10-11,215,7677.739999999998,0.28294418604651161,0.004,0.996
516861,What price will Bitcoin hit in 2025?,2025-10-12,307,11399.420000000002,0.65185993485342009,0.007,0.992
516861,What price will Bitcoin hit in 2025?,2025-10-13,130,7069.4900000000007,0.59074615384615425,0.008,0.992
516861,What price will Bitcoin hit in 2025?,2025-10-14,123,4735.6500000000005,0.32928455284552849,0.009,0.992
516861,What price will Bitcoin hit in 2025?,2025-10-15,167,41064.869999999988,0.45040716766467104,0.005,0.995
516861,What price will Bitcoin hit in 2025?,2025-10-16,235,7894.5299999999961,0.54397021276595758,0.005,0.994
516861,What price will Bitcoin hit in 2025?,2025-10-17,355,7502.03,0.6288732394366201,0.007,0.992
516861,What price will Bitcoin hit in 2025?,2025-10-18,342,31035.770000000026,0.70123684210526349,0.006,0.994
516861,What price will Bitcoin hit in 2025?,2025-10-19,99,8395.99,0.68410101010100977,0.008,0.993
516861,What price will Bitcoin hit in 2025?,2025-10-20,104,9154.4700000000012,0.62272115384615379,0.008,0.991
516861,What price will Bitcoin hit in 2025?,2025-10-21,131,5502.76,0.593877854961832,0.008,0.992
516861,What price will Bitcoin hit in 2025?,2025-10-22,235,87796.660000000018,0.59788084680851039,0.004,0.995
516861,What price will Bitcoin hit in 2025?,2025-10-23,129,12421.500000000002,0.29850387596899214,0.006,0.993
516861,What price will Bitcoin hit in 2025?,2025-10-24,206,10662.32,0.36574269902912626,0.005,0.995
516861,What price will Bitcoin hit in 2025?,2025-10-25,90,3242.7000000000016,0.16073332222222228,0.006,0.994
516861,What price will Bitcoin hit in 2025?,2025-10-26,201,2896.1599999999989,0.046980099502487563,0.007,0.993
516861,What price will Bitcoin hit in 2025?,2025-10-27,148,7130.5000000000009,0.46689189189189195,0.006,0.994
516861,What price will Bitcoin hit in 2025?,2025-10-28,180,6645.760000000002,0.33537222222222235,0.006,0.993
516861,What price will Bitcoin hit in 2025?,2025-10-29,324,9203.0700000000179,0.45411099382716058,0.005,0.994
516861,What price will Bitcoin hit in 2025?,2025-10-30,262,16665.720000000005,0.30309922900763375,0.002,0.997
516861,What price will Bitcoin hit in 2025?,2025-10-31,178,7351.1599999999989,0.10285955056179774,0.001,0.998
516861,What price will Bitcoin hit in 2025?,2025-11-01,633,11869.330000000075,0.17603791469194313,0.001,0.998
516861,What price will Bitcoin hit in 2025?,2025-11-02,122,6059.4000000000024,0.39358196721311478,0.001,0.998
516861,What price will Bitcoin hit in 2025?,2025-11-03,170,9651.64,0.15438823529411763,0.001,0.998
516861,What price will Bitcoin hit in 2025?,2025-11-04,125,29809.429999999993,0.36871200000000015,0.001,0.998
516861,What price will Bitcoin hit in 2025?,2025-11-05,98,13170.120000000003,0.38837753061224495,0.001,0.998
516861,What price will Bitcoin hit in 2025?,2025-11-06,92,17644.42,0.26169564130434786,0.001,0.999
516861,What price will Bitcoin hit in 2025?,2025-11-07,116,12252.54,0.070991379310344827,0.002,0.997
516861,What price will Bitcoin hit in 2025?,2025-11-08,282,48414.85,0.59487234042553261,0.002,0.997
516861,What price will Bitcoin hit in 2025?,2025-11-09,61,9532.3299999999981,0.81709836065573771,0.006,0.997
516861,What price will Bitcoin hit in 2025?,2025-11-10,271,37834.689999999995,0.53822509225092252,0.002,0.997
516861,What price will Bitcoin hit in 2025?,2025-11-11,204,28160.049999999996,0.49003919607843138,0.002,0.997
516861,What price will Bitcoin hit in 2025?,2025-11-12,212,39033.719999999994,0.74336320754716989,0.002,0.997
516861,What price will Bitcoin hit in 2025?,2025-11-13,226,6794.72,0.17859292035398233,0.002,0.997
516861,What price will Bitcoin hit in 2025?,2025-11-14,153,23981.620000000006,0.1454248366013072,0.002,0.997
516861,What price will Bitcoin hit in 2025?,2025-11-15,109,140.69999999999996,0.002440366972477064,0.002,0.003
516861,What price will Bitcoin hit in 2025?,2025-11-16,150,21154.06,0.055546666666666668,0.002,0.997
516861,What price will Bitcoin hit in 2025?,2025-11-17,136,15630.890000000005,0.23622058823529407,0.002,0.997
516861,What price will Bitcoin hit in 2025?,2025-11-18,168,38940.77,0.58883928571428579,0.002,0.998
516861,What price will Bitcoin hit in 2025?,2025-11-19,185,32236.930000000008,0.62104324324324356,0.002,0.997
516861,What price will Bitcoin hit in 2025?,2025-11-20,143,22255.289999999994,0.59081118881118888,0.002,0.997
516861,What price will Bitcoin hit in 2025?,2025-11-21,96,20797.28,0.65513541666666664,0.002,0.997
516861,What price will Bitcoin hit in 2025?,2025-11-22,110,37256.850000000006,0.906018172727273,0.004,0.997
516861,What price will Bitcoin hit in 2025?,2025-11-23,161,32996.790000000015,0.71229813664596253,0.003,0.997
516861,What price will Bitcoin hit in 2025?,2025-11-24,94,21881.070000000003,0.62714893617021283,0.003,0.997
516861,What price will Bitcoin hit in 2025?,2025-11-25,84,10012.819999999998,0.46495236904761905,0.002,0.997
516861,What price will Bitcoin hit in 2025?,2025-11-26,134,37238.55999999999,0.69238059701492582,0.002,0.997
516861,What price will Bitcoin hit in 2025?,2025-11-27,334,133344.91999999998,0.51476347005988055,0.002,0.998
516861,What price will Bitcoin hit in 2025?,2025-11-28,147,56684.9,0.71951019727891141,0.002,0.997
516861,What price will Bitcoin hit in 2025?,2025-11-29,199,28083.040000000008,0.39760301005025112,0.003,0.997
516861,What price will Bitcoin hit in 2025?,2025-11-30,1523,20321.720000000281,0.056266579120157589,0.003,0.997
516861,What price will Bitcoin hit in 2025?,2025-12-01,389,22559.02000000004,0.27361182262210815,0.002,0.997
516861,What price will Bitcoin hit in 2025?,2025-12-02,971,237331.21999999884,0.42418331616889804,0.002,0.997
516861,What price will Bitcoin hit in 2025?,2025-12-03,784,69114.230000000054,0.16353316198979589,0.002,0.998
516861,What price will Bitcoin hit in 2025?,2025-12-04,844,3862.8800000000037,0.010695497630331745,0.002,0.997
516861,What price will Bitcoin hit in 2025?,2025-12-05,931,23646.470000000056,0.025853920515574655,0.002,0.998
516861,What price will Bitcoin hit in 2025?,2025-12-06,1247,174399.61999999807,0.45309542822774657,0.001,0.998
516861,What price will Bitcoin hit in 2025?,2025-12-07,609,17574.180000000004,0.12572249589490972,0.001,0.999
516861,What price will Bitcoin hit in 2025?,2025-12-08,1639,110476.29999999989,0.35277486211104264,0.001,0.999
516861,What price will Bitcoin hit in 2025?,2025-12-09,617,121089.52000000005,0.27268557374392211,0.001,0.998
516861,What price will Bitcoin hit in 2025?,2025-12-10,776,145112.59999999998,0.34969198582474248,0.001,0.999
516861,What price will Bitcoin hit in 2025?,2025-12-11,771,161836.84999999992,0.1991556368352789,0.001,0.999
516861,What price will Bitcoin hit in 2025?,2025-12-12,951,263376.39999999985,0.26264036698212423,0.001,0.999
516861,What price will Bitcoin hit in 2025?,2025-12-13,503,112945.04000000002,0.20206757256461219,0.002,0.998
516861,What price will Bitcoin hit in 2025?,2025-12-14,672,293304.02000000031,0.05109374851190477,0.002,0.998
516861,What price will Bitcoin hit in 2025?,2025-12-15,999,479349.77,0.2487107107107108,0.002,0.998
516861,What price will Bitcoin hit in 2025?,2025-12-16,1319,47204.129999999954,0.02573692191053828,0.002,0.997
516861,What price will Bitcoin hit in 2025?,2025-12-17,1082,122336.60000000008,0.013906654343807761,0.002,0.998
516861,What price will Bitcoin hit in 2025?,2025-12-18,750,12792.969999999998,0.0099146666666666654,0.003,0.997
516861,What price will Bitcoin hit in 2025?,2025-12-19,848,23019.349999999951,0.097003536556603834,0.003,0.997
516861,What price will Bitcoin hit in 2025?,2025-12-20,1075,81921.290000000052,0.13636465116279073,0.003,0.997
516861,What price will Bitcoin hit in 2025?,2025-12-21,1432,60606.65,0.11361452444134082,0.002,0.998
516861,What price will Bitcoin hit in 2025?,2025-12-22,2522,161513.91999999975,0.16742664195083234,0.001,0.998
516861,What price will Bitcoin hit in 2025?,2025-12-23,3066,14985.560000000032,0.032155903457273316,0.001,0.999
516861,What price will Bitcoin hit in 2025?,2025-12-24,4105,185855.51000000007,0.08501973081607804,0.001,0.999
516861,What price will Bitcoin hit in 2025?,2025-12-25,540,356.54000000000008,0.001,0.001,0.001
516861,What price will Bitcoin hit in 2025?,2025-12-26,209,235.0800000000003,0.001,0.001,0.001
516861,What price will Bitcoin hit in 2025?,2025-12-27,92,130.64000000000001,0.0011956521739130434,0.001,0.01
516861,What price will Bitcoin hit in 2025?,2025-12-28,121,35516.54,0.2401900826446281,0.001,0.999
516861,What price will Bitcoin hit in 2025?,2025-12-29,1663,640947.52999999933,0.3479392603728203,0.001,0.999
516861,What price will Bitcoin hit in 2025?,2025-12-30,73,144.45999999999992,0.001,0.001,0.001
516861,What price will Bitcoin hit in 2025?,2025-12-31,41,129.49,0.001,0.001,0.001
516861,What price will Bitcoin hit in 2025?,2026-01-01,9,6.07,0.001,0.001,0.001